<?xml version="1.0" encoding="utf-8"?>
<edmx:Edmx Version="1.0"
    xmlns:edmx="http://schemas.microsoft.com/ado/2007/06/edmx"
    xmlns:m="http://schemas.microsoft.com/ado/2007/08/dataservices/metadata"
    xmlns:sap="http://www.sap.com/Protocols/SAPData">
    <edmx:Reference Uri="http://ingenxsrv:8001/sap/opu/odata/IWFND/CATALOGSERVICE;v=2/Vocabularies(TechnicalName='%2FIWBEP%2FVOC_COMMON',Version='0001',SAP__Origin='')/$value"
        xmlns:edmx="http://docs.oasis-open.org/odata/ns/edmx">
        <edmx:Include Namespace="com.sap.vocabularies.Common.v1" Alias="Common"/>
    </edmx:Reference>
    <edmx:Reference Uri="http://ingenxsrv:8001/sap/opu/odata/IWFND/CATALOGSERVICE;v=2/Vocabularies(TechnicalName='%2FIWBEP%2FVOC_CAPABILITIES',Version='0001',SAP__Origin='')/$value"
        xmlns:edmx="http://docs.oasis-open.org/odata/ns/edmx">
        <edmx:Include Namespace="Org.OData.Capabilities.V1" Alias="Capabilities"/>
    </edmx:Reference>
    <edmx:Reference Uri="http://ingenxsrv:8001/sap/opu/odata/IWFND/CATALOGSERVICE;v=2/Vocabularies(TechnicalName='%2FIWBEP%2FVOC_COMMUNICATION',Version='0001',SAP__Origin='')/$value"
        xmlns:edmx="http://docs.oasis-open.org/odata/ns/edmx">
        <edmx:Include Namespace="com.sap.vocabularies.Communication.v1" Alias="Communication"/>
    </edmx:Reference>
    <edmx:Reference Uri="http://ingenxsrv:8001/sap/opu/odata/IWFND/CATALOGSERVICE;v=2/Vocabularies(TechnicalName='%2FIWBEP%2FVOC_AGGREGATION',Version='0001',SAP__Origin='')/$value"
        xmlns:edmx="http://docs.oasis-open.org/odata/ns/edmx">
        <edmx:Include Namespace="Org.OData.Aggregation.V1" Alias="Aggregation"/>
    </edmx:Reference>
    <edmx:Reference Uri="http://ingenxsrv:8001/sap/opu/odata/IWFND/CATALOGSERVICE;v=2/Vocabularies(TechnicalName='%2FIWBEP%2FVOC_PERSONALDATA',Version='0001',SAP__Origin='')/$value"
        xmlns:edmx="http://docs.oasis-open.org/odata/ns/edmx">
        <edmx:Include Namespace="com.sap.vocabularies.PersonalData.v1" Alias="PersonalData"/>
    </edmx:Reference>
    <edmx:DataServices m:DataServiceVersion="2.0">
        <Schema Namespace="NAUTI.MASTER_BTP_SRV" xml:lang="en" sap:schema-version="1"
            xmlns="http://schemas.microsoft.com/ado/2008/09/edm">
            <EntityType Name="BusinessPartner" sap:content-version="1">
                <Key>
                    <PropertyRef Name="Lifnr"/>
                </Key>
                <Property Name="Lifnr" Type="Edm.String" Nullable="false" MaxLength="10" sap:unicode="false" sap:label="Vendor" sap:updatable="false"/>
                <Property Name="PartnerRole" Type="Edm.String" Nullable="false" MaxLength="7" sap:unicode="false" sap:label="BP Role"/>
                <Property Name="Anred" Type="Edm.String" Nullable="false" MaxLength="15" sap:unicode="false" sap:label="Title"/>
                <Property Name="Name1" Type="Edm.String" Nullable="false" MaxLength="35" sap:unicode="false" sap:label="Name"/>
                <Property Name="Name2" Type="Edm.String" Nullable="false" MaxLength="35" sap:unicode="false" sap:label="Name 2"/>
                <Property Name="Name3" Type="Edm.String" Nullable="false" MaxLength="35" sap:unicode="false" sap:label="Name 3"/>
                <Property Name="Sort1" Type="Edm.String" Nullable="false" MaxLength="20" sap:unicode="false" sap:label="Search Term 1"/>
                <Property Name="StrSuppl1" Type="Edm.String" Nullable="false" MaxLength="40" sap:unicode="false" sap:label="Street 2"/>
                <Property Name="StrSuppl2" Type="Edm.String" Nullable="false" MaxLength="40" sap:unicode="false" sap:label="Street 3"/>
                <Property Name="HouseNum1" Type="Edm.String" Nullable="false" MaxLength="10" sap:unicode="false" sap:label="House Number"/>
                <Property Name="Stras" Type="Edm.String" Nullable="false" MaxLength="60" sap:unicode="false" sap:label="Street"/>
                <Property Name="Pstlz" Type="Edm.String" Nullable="false" MaxLength="10" sap:unicode="false" sap:label="Postal Code"/>
                <Property Name="Ort01" Type="Edm.String" Nullable="false" MaxLength="35" sap:unicode="false" sap:label="City"/>
                <Property Name="Land1" Type="Edm.String" Nullable="false" MaxLength="3" sap:unicode="false" sap:label="Country"/>
                <Property Name="Regio" Type="Edm.String" Nullable="false" MaxLength="3" sap:unicode="false" sap:label="Region"/>
                <Property Name="TimeZone" Type="Edm.String" Nullable="false" MaxLength="6" sap:unicode="false" sap:label="Time zone"/>
                <Property Name="Spras" Type="Edm.String" Nullable="false" MaxLength="2" sap:unicode="false" sap:label="Language"/>
                <Property Name="Telf1" Type="Edm.String" Nullable="false" MaxLength="16" sap:unicode="false" sap:label="Telephone 1"/>
                <Property Name="Telf2" Type="Edm.String" Nullable="false" MaxLength="16" sap:unicode="false" sap:label="Telephone 2"/>
                <Property Name="Telfx" Type="Edm.String" Nullable="false" MaxLength="31" sap:unicode="false" sap:label="Fax Number"/>
                <Property Name="SmtpAddr" Type="Edm.String" Nullable="false" MaxLength="241" sap:unicode="false" sap:label="E-Mail Address"/>
                <Property Name="Erdat" Type="Edm.DateTime" Precision="7" sap:unicode="false" sap:label="Created on"/>
                <Property Name="DateTo" Type="Edm.DateTime" Precision="7" sap:unicode="false" sap:label="To"/>
            </EntityType>
            <EntityType Name="MaintainGroup" sap:content-version="1">
                <Key>
                    <PropertyRef Name="Zuser"/>
                </Key>
                <Property Name="Zuser" Type="Edm.String" Nullable="false" MaxLength="12" sap:unicode="false" sap:label="User Name" sap:updatable="false"/>
                <Property Name="Zgroup" Type="Edm.String" Nullable="false" MaxLength="12" sap:unicode="false" sap:label="User ID group"/>
            </EntityType>
            <EntityType Name="CountryMaster" sap:content-version="1">
                <Key>
                    <PropertyRef Name="ZfValue"/>
                </Key>
                <Property Name="ZfValue" Type="Edm.String" Nullable="false" MaxLength="50" sap:unicode="false" sap:label="Value" sap:updatable="false"/>
                <Property Name="ZfDesc" Type="Edm.String" Nullable="false" MaxLength="50" sap:unicode="false" sap:label="Field Description"/>
            </EntityType>
            <EntityType Name="CostMaster" sap:content-version="1">
                <Key>
                    <PropertyRef Name="Costcode"/>
                </Key>
                <Property Name="Costcode" Type="Edm.String" Nullable="false" MaxLength="4" sap:unicode="false" sap:label="Cost.Code" sap:updatable="false"/>
                <Property Name="Cstcodes" Type="Edm.String" Nullable="false" MaxLength="35" sap:unicode="false" sap:label="Cost.Code.Des"/>
            </EntityType>
            <EntityType Name="EventMaster" sap:content-version="1">
                <Key>
                    <PropertyRef Name="Evtty"/>
                </Key>
                <Property Name="Evtty" Type="Edm.String" Nullable="false" MaxLength="20" sap:unicode="false" sap:label="Event Type"/>
                <Property Name="Text" Type="Edm.String" Nullable="false" MaxLength="40" sap:unicode="false" sap:label="Event Text"/>
            </EntityType>
            <EntityType Name="ClassMaster" sap:content-version="1">
                <Key>
                    <PropertyRef Name="ZfValue"/>
                </Key>
                <Property Name="ZfValue" Type="Edm.String" Nullable="false" MaxLength="50" sap:unicode="false" sap:label="Value" sap:updatable="false" sap:filterable="false"/>
                <Property Name="ZfDesc" Type="Edm.String" Nullable="false" MaxLength="50" sap:unicode="false" sap:label="Field Description" sap:filterable="false"/>
            </EntityType>
            <EntityType Name="BidMaster" sap:content-version="1">
                <Key>
                    <PropertyRef Name="Bname"/>
                    <PropertyRef Name="Code"/>
                </Key>
                <Property Name="Bname" Type="Edm.String" Nullable="false" MaxLength="12" sap:unicode="false" sap:label="User" sap:creatable="false" sap:updatable="false" sap:sortable="false" sap:filterable="false"/>
                <Property Name="Code" Type="Edm.String" Nullable="false" MaxLength="12" sap:unicode="false" sap:label="Code" sap:creatable="false" sap:updatable="false" sap:sortable="false" sap:filterable="false"/>
                <Property Name="Value" Type="Edm.String" Nullable="false" MaxLength="50" sap:unicode="false" sap:label="Value" sap:creatable="false" sap:updatable="false" sap:sortable="false" sap:filterable="false"/>
                <Property Name="Cvalue" Type="Edm.Decimal" Nullable="false" Precision="14" Scale="3" sap:unicode="false" sap:label="Revaluation" sap:creatable="false" sap:updatable="false" sap:sortable="false" sap:filterable="false"/>
                <Property Name="Cunit" Type="Edm.String" Nullable="false" MaxLength="5" sap:unicode="false" sap:label="Currency" sap:creatable="false" sap:updatable="false" sap:sortable="false" sap:filterable="false" sap:semantics="currency-code"/>
                <Property Name="Datatype" Type="Edm.String" Nullable="false" MaxLength="4" sap:unicode="false" sap:label="Datatype" sap:creatable="false" sap:updatable="false" sap:sortable="false" sap:filterable="false"/>
                <Property Name="Tablename" Type="Edm.String" Nullable="false" MaxLength="20" sap:unicode="false" sap:label="Table Name" sap:creatable="false" sap:updatable="false" sap:sortable="false" sap:filterable="false"/>
                <Property Name="MultiChoice" Type="Edm.Boolean" Nullable="false" sap:unicode="false" sap:label="Multiple Choice" sap:creatable="false" sap:updatable="false" sap:sortable="false" sap:filterable="false"/>
            </EntityType>
            <EntityType Name="GROUPID" sap:content-version="1">
                <Key>
                    <PropertyRef Name="GroupId"/>
                </Key>
                <Property Name="GroupId" Type="Edm.String" Nullable="false" sap:unicode="false" sap:creatable="false" sap:updatable="false" sap:sortable="false" sap:filterable="false"/>
            </EntityType>
            <EntityType Name="GROUPIDUSERS" sap:content-version="1">
                <Key>
                    <PropertyRef Name="GroupId"/>
                </Key>
                <Property Name="GroupId" Type="Edm.String" Nullable="false" sap:unicode="false" sap:creatable="false" sap:updatable="false" sap:sortable="false" sap:filterable="false"/>
                <Property Name="UserId" Type="Edm.String" Nullable="false" sap:unicode="false" sap:creatable="false" sap:updatable="false" sap:sortable="false" sap:filterable="false"/>
            </EntityType>
            <EntityType Name="UOM" sap:content-version="1">
                <Key>
                    <PropertyRef Name="Uom"/>
                </Key>
                <Property Name="Uom" Type="Edm.String" Nullable="false" MaxLength="3" sap:unicode="false" sap:label="Unit of measure" sap:creatable="false" sap:updatable="false" sap:sortable="false" sap:filterable="false"/>
                <Property Name="Uomdes" Type="Edm.String" Nullable="false" MaxLength="30" sap:unicode="false" sap:label="Uom Discription" sap:creatable="false" sap:updatable="false" sap:sortable="false" sap:filterable="false"/>
            </EntityType>
            <EntityType Name="country_upd" sap:content-version="1">
                <Key>
                    <PropertyRef Name="ZfValue"/>
                </Key>
                <Property Name="ZfValue" Type="Edm.String" Nullable="false" MaxLength="50" sap:unicode="false" sap:label="Value" sap:creatable="false" sap:updatable="false" sap:sortable="false" sap:filterable="false"/>
                <Property Name="ZfDesc" Type="Edm.String" Nullable="false" MaxLength="50" sap:unicode="false" sap:label="Field Description" sap:creatable="false" sap:updatable="false" sap:sortable="false" sap:filterable="false"/>
            </EntityType>
            <EntityType Name="Portmaster" sap:content-version="1">
                <Key>
                    <PropertyRef Name="Country"/>
                    <PropertyRef Name="Portc"/>
                </Key>
                <Property Name="Country" Type="Edm.String" Nullable="false" MaxLength="3" sap:unicode="false" sap:label="Country" sap:creatable="false" sap:updatable="false" sap:sortable="false" sap:filterable="false"/>
                <Property Name="Portc" Type="Edm.String" Nullable="false" MaxLength="10" sap:unicode="false" sap:label="Port Code" sap:creatable="false" sap:updatable="false" sap:sortable="false" sap:filterable="false"/>
                <Property Name="Portn" Type="Edm.String" Nullable="false" MaxLength="25" sap:unicode="false" sap:label="Port Name" sap:creatable="false" sap:updatable="false" sap:sortable="false" sap:filterable="false"/>
                <Property Name="Reancho" Type="Edm.String" Nullable="false" MaxLength="30" sap:unicode="false" sap:label="Related Anchorage" sap:creatable="false" sap:updatable="false" sap:sortable="false" sap:filterable="false"/>
                <Property Name="Latitude" Type="Edm.String" Nullable="false" MaxLength="15" sap:unicode="false" sap:label="Latitude" sap:creatable="false" sap:updatable="false" sap:sortable="false" sap:filterable="false"/>
                <Property Name="Longitude" Type="Edm.String" Nullable="false" MaxLength="15" sap:unicode="false" sap:label="Longitude" sap:creatable="false" sap:updatable="false" sap:sortable="false" sap:filterable="false"/>
                <Property Name="Countryn" Type="Edm.String" Nullable="false" MaxLength="25" sap:unicode="false" sap:label="Country Name" sap:creatable="false" sap:updatable="false" sap:sortable="false" sap:filterable="false"/>
                <Property Name="Locid" Type="Edm.String" Nullable="false" MaxLength="10" sap:unicode="false" sap:label="Location ID" sap:creatable="false" sap:updatable="false" sap:sortable="false" sap:filterable="false"/>
                <Property Name="Ind" Type="Edm.String" Nullable="false" MaxLength="1" sap:unicode="false" sap:label="Process ind" sap:creatable="false" sap:updatable="false" sap:sortable="false" sap:filterable="false"/>
            </EntityType>
            <EntityType Name="RefrenceDocument" sap:content-version="1">
                <Key>
                    <PropertyRef Name="Docind"/>
                </Key>
                <Property Name="Docind" Type="Edm.String" Nullable="false" MaxLength="1" sap:unicode="false" sap:label="Ref Doc .ind" sap:creatable="false" sap:updatable="false" sap:sortable="false" sap:filterable="false"/>
                <Property Name="Docdesc" Type="Edm.String" Nullable="false" MaxLength="20" sap:unicode="false" sap:label="Doc Desc" sap:creatable="false" sap:updatable="false" sap:sortable="false" sap:filterable="false"/>
            </EntityType>
            <EntityType Name="PortmasterUpdate" sap:content-version="1">
                <Key>
                    <PropertyRef Name="Country"/>
                    <PropertyRef Name="Portc"/>
                </Key>
                <Property Name="Country" Type="Edm.String" Nullable="false" MaxLength="3" sap:unicode="false" sap:label="Country" sap:creatable="false" sap:updatable="false" sap:sortable="false" sap:filterable="false"/>
                <Property Name="Portc" Type="Edm.String" Nullable="false" MaxLength="10" sap:unicode="false" sap:label="Port Code" sap:creatable="false" sap:updatable="false" sap:sortable="false" sap:filterable="false"/>
                <Property Name="Portn" Type="Edm.String" Nullable="false" MaxLength="25" sap:unicode="false" sap:label="Port Name" sap:creatable="false" sap:updatable="false" sap:sortable="false" sap:filterable="false"/>
                <Property Name="Reancho" Type="Edm.String" Nullable="false" MaxLength="30" sap:unicode="false" sap:label="Related Anchorage" sap:creatable="false" sap:updatable="false" sap:sortable="false" sap:filterable="false"/>
                <Property Name="Latitude" Type="Edm.String" Nullable="false" MaxLength="15" sap:unicode="false" sap:label="Latitude" sap:creatable="false" sap:updatable="false" sap:sortable="false" sap:filterable="false"/>
                <Property Name="Longitude" Type="Edm.String" Nullable="false" MaxLength="15" sap:unicode="false" sap:label="Longitude" sap:creatable="false" sap:updatable="false" sap:sortable="false" sap:filterable="false"/>
                <Property Name="Countryn" Type="Edm.String" Nullable="false" MaxLength="25" sap:unicode="false" sap:label="Country Name" sap:creatable="false" sap:updatable="false" sap:sortable="false" sap:filterable="false"/>
                <Property Name="Locid" Type="Edm.String" Nullable="false" MaxLength="10" sap:unicode="false" sap:label="Location ID" sap:creatable="false" sap:updatable="false" sap:sortable="false" sap:filterable="false"/>
                <Property Name="Ind" Type="Edm.Boolean" Nullable="false" sap:unicode="false" sap:label="Process ind" sap:creatable="false" sap:updatable="false" sap:sortable="false" sap:filterable="false"/>
            </EntityType>
            <EntityType Name="VoyageRealease" sap:content-version="1">
                <Key>
                    <PropertyRef Name="Rels"/>
                    <PropertyRef Name="Voyty"/>
                    <PropertyRef Name="Vesty"/>
                    <PropertyRef Name="Zgroup"/>
                </Key>
                <Property Name="Rels" Type="Edm.String" Nullable="false" MaxLength="10" sap:unicode="false" sap:label="Release Strategy" sap:creatable="false" sap:updatable="false" sap:sortable="false" sap:filterable="false"/>
                <Property Name="Voyty" Type="Edm.String" Nullable="false" MaxLength="4" sap:unicode="false" sap:label="Voyage Type" sap:creatable="false" sap:updatable="false" sap:sortable="false" sap:filterable="false"/>
                <Property Name="Vesty" Type="Edm.String" Nullable="false" MaxLength="4" sap:unicode="false" sap:label="Vessel Type" sap:creatable="false" sap:updatable="false" sap:sortable="false" sap:filterable="false"/>
                <Property Name="Zgroup" Type="Edm.String" Nullable="false" MaxLength="12" sap:unicode="false" sap:label="User ID group" sap:creatable="false" sap:updatable="false" sap:sortable="false" sap:filterable="false"/>
                <Property Name="App1" Type="Edm.String" Nullable="false" MaxLength="12" sap:unicode="false" sap:label="User Name" sap:creatable="false" sap:updatable="false" sap:sortable="false" sap:filterable="false"/>
                <Property Name="App2" Type="Edm.String" Nullable="false" MaxLength="12" sap:unicode="false" sap:label="User Name" sap:creatable="false" sap:updatable="false" sap:sortable="false" sap:filterable="false"/>
                <Property Name="App3" Type="Edm.String" Nullable="false" MaxLength="12" sap:unicode="false" sap:label="User Name" sap:creatable="false" sap:updatable="false" sap:sortable="false" sap:filterable="false"/>
            </EntityType>
            <EntityType Name="Country" sap:content-version="1">
                <Key>
                    <PropertyRef Name="Land1"/>
                </Key>
                <Property Name="Spras" Type="Edm.String" Nullable="false" MaxLength="2" sap:unicode="false" sap:label="Language" sap:creatable="false" sap:updatable="false" sap:sortable="false" sap:filterable="false"/>
                <Property Name="Land1" Type="Edm.String" Nullable="false" MaxLength="3" sap:unicode="false" sap:label="Country" sap:creatable="false" sap:updatable="false" sap:sortable="false" sap:filterable="false"/>
                <Property Name="Landx50" Type="Edm.String" Nullable="false" MaxLength="50" sap:unicode="false" sap:label="Country" sap:creatable="false" sap:updatable="false" sap:sortable="false" sap:filterable="false"/>
            </EntityType>
            <EntityType Name="Currency" sap:content-version="1">
                <Key>
                    <PropertyRef Name="Isocd"/>
                </Key>
                <Property Name="Waers" Type="Edm.String" Nullable="false" MaxLength="5" sap:unicode="false" sap:label="Currency" sap:creatable="false" sap:updatable="false" sap:sortable="false" sap:filterable="false" sap:semantics="currency-code"/>
                <Property Name="Isocd" Type="Edm.String" Nullable="false" MaxLength="3" sap:unicode="false" sap:label="ISO code" sap:creatable="false" sap:updatable="false" sap:sortable="false" sap:filterable="false"/>
            </EntityType>
            <EntityType Name="StandardCurrency" sap:content-version="1">
                <Key>
                    <PropertyRef Name="Waers"/>
                </Key>
                <Property Name="Spras" Type="Edm.String" Nullable="false" MaxLength="2" sap:unicode="false" sap:label="Language" sap:creatable="false" sap:updatable="false" sap:sortable="false" sap:filterable="false"/>
                <Property Name="Waers" Type="Edm.String" Nullable="false" MaxLength="5" sap:unicode="false" sap:label="Currency" sap:creatable="false" sap:updatable="false" sap:sortable="false" sap:filterable="false" sap:semantics="currency-code"/>
                <Property Name="Ltext" Type="Edm.String" Nullable="false" MaxLength="40" sap:unicode="false" sap:label="Long Text" sap:creatable="false" sap:updatable="false" sap:sortable="false" sap:filterable="false"/>
            </EntityType>
            <EntityType Name="RelStrategy" sap:content-version="1">
                <Key>
                    <PropertyRef Name="Rels"/>
                    <PropertyRef Name="Voyty"/>
                    <PropertyRef Name="Vesty"/>
                    <PropertyRef Name="Zgroup"/>
                </Key>
                <Property Name="Rels" Type="Edm.String" Nullable="false" MaxLength="10" sap:unicode="false" sap:label="Release Strategy" sap:creatable="false" sap:updatable="false" sap:sortable="false" sap:filterable="false"/>
                <Property Name="Voyty" Type="Edm.String" Nullable="false" MaxLength="4" sap:unicode="false" sap:label="Voyage Type" sap:creatable="false" sap:updatable="false" sap:sortable="false" sap:filterable="false"/>
                <Property Name="Vesty" Type="Edm.String" Nullable="false" MaxLength="4" sap:unicode="false" sap:label="Vessel Type" sap:creatable="false" sap:updatable="false" sap:sortable="false" sap:filterable="false"/>
                <Property Name="Zgroup" Type="Edm.String" Nullable="false" MaxLength="12" sap:unicode="false" sap:label="User ID group" sap:creatable="false" sap:updatable="false" sap:sortable="false" sap:filterable="false"/>
                <Property Name="App1" Type="Edm.String" Nullable="false" MaxLength="12" sap:unicode="false" sap:label="User Name" sap:creatable="false" sap:updatable="false" sap:sortable="false" sap:filterable="false"/>
                <Property Name="App2" Type="Edm.String" Nullable="false" MaxLength="12" sap:unicode="false" sap:label="User Name" sap:creatable="false" sap:updatable="false" sap:sortable="false" sap:filterable="false"/>
                <Property Name="App3" Type="Edm.String" Nullable="false" MaxLength="12" sap:unicode="false" sap:label="User Name" sap:creatable="false" sap:updatable="false" sap:sortable="false" sap:filterable="false"/>
            </EntityType>
            <EntityType Name="xNAUTIxBusinessPartner1Type" sap:label="cds for bp master" sap:content-version="1">
                <Key>
                    <PropertyRef Name="Lifnr"/>
                </Key>
                <Property Name="Lifnr" Type="Edm.String" Nullable="false" MaxLength="10" sap:display-format="UpperCase" sap:label="Vendor" sap:quickinfo="Account Number of Vendor or Creditor"/>
                <Property Name="PartnerRole" Type="Edm.String" MaxLength="7" sap:label="BP Role" sap:quickinfo="BP Role for Screen Usage"/>
                <Property Name="Anred" Type="Edm.String" MaxLength="15" sap:label="Title"/>
                <Property Name="Name1" Type="Edm.String" MaxLength="35" sap:label="Name" sap:quickinfo="Name 1"/>
                <Property Name="Name2" Type="Edm.String" MaxLength="35" sap:label="Name 2"/>
                <Property Name="Name3" Type="Edm.String" MaxLength="35" sap:label="Name 3"/>
                <Property Name="Sort1" Type="Edm.String" MaxLength="20" sap:display-format="UpperCase" sap:label="Search Term 1"/>
                <Property Name="StrSuppl1" Type="Edm.String" MaxLength="40" sap:label="Street 2"/>
                <Property Name="StrSuppl2" Type="Edm.String" MaxLength="40" sap:label="Street 3"/>
                <Property Name="HouseNum1" Type="Edm.String" MaxLength="10" sap:label="House Number"/>
                <Property Name="Stras" Type="Edm.String" MaxLength="60" sap:label="Street"/>
                <Property Name="Pstlz" Type="Edm.String" MaxLength="10" sap:display-format="UpperCase" sap:label="Postal Code"/>
                <Property Name="Ort01" Type="Edm.String" MaxLength="35" sap:label="City"/>
                <Property Name="Land1" Type="Edm.String" MaxLength="3" sap:display-format="UpperCase" sap:label="Country" sap:quickinfo="Country Key"/>
                <Property Name="Regio" Type="Edm.String" MaxLength="3" sap:display-format="UpperCase" sap:label="Region" sap:quickinfo="Region (State, Province, County)"/>
                <Property Name="Spras" Type="Edm.String" MaxLength="2" sap:label="Language Key"/>
                <Property Name="Telf1" Type="Edm.String" MaxLength="16" sap:label="Telephone 1" sap:quickinfo="First telephone number"/>
                <Property Name="Telf2" Type="Edm.String" MaxLength="16" sap:label="Telephone 2" sap:quickinfo="Second telephone number"/>
                <Property Name="Telfx" Type="Edm.String" MaxLength="31" sap:label="Fax Number"/>
                <Property Name="SmtpAddr" Type="Edm.String" MaxLength="241" sap:label="E-Mail Address"/>
                <Property Name="Erdat" Type="Edm.DateTime" Precision="0" sap:display-format="Date" sap:label="Created on" sap:quickinfo="Date on which the Record Was Created"/>
                <Property Name="DateTo" Type="Edm.DateTime" Precision="0" sap:display-format="Date" sap:label="To" sap:quickinfo="Valid-to date in current Release only 99991231 possible"/>
            </EntityType>
            <EntityType Name="xNAUTIxMASBIDType" sap:label="Bidding Master" sap:content-version="1">
                <Key>
                    <PropertyRef Name="Bname"/>
                    <PropertyRef Name="Code"/>
                </Key>
                <Property Name="Bname" Type="Edm.String" Nullable="false" MaxLength="12" sap:display-format="UpperCase" sap:label="User" sap:quickinfo="User Name in User Master Record"/>
                <Property Name="Code" Type="Edm.String" Nullable="false" MaxLength="12" sap:display-format="UpperCase" sap:label="Code"/>
                <Property Name="Value" Type="Edm.String" MaxLength="50" sap:display-format="UpperCase" sap:label="Value"/>
                <Property Name="Cvalue" Type="Edm.Decimal" Precision="14" Scale="3" sap:label="Revaluation" sap:quickinfo="Revaluation amount on back-posting to a previous period"/>
                <Property Name="Cunit" Type="Edm.String" MaxLength="5" sap:label="Currency" sap:quickinfo="Currency Key" sap:semantics="currency-code"/>
                <Property Name="Datatype" Type="Edm.String" MaxLength="4" sap:display-format="UpperCase" sap:label="Datatype" sap:quickinfo="RSM Data type"/>
                <Property Name="Tablename" Type="Edm.String" MaxLength="20" sap:display-format="UpperCase" sap:label="Table Name"/>
                <Property Name="Multi_Choice" Type="Edm.Boolean" sap:display-format="UpperCase" sap:label="Multiple Choice"/>
            </EntityType>
            <EntityType Name="xNAUTIxSAPUSERSType" sap:label="cds view for fetching sap user in btp" sap:content-version="1">
                <Key>
                    <PropertyRef Name="bname"/>
                </Key>
                <Property Name="bname" Type="Edm.String" Nullable="false" MaxLength="12" sap:display-format="UpperCase" sap:label="User" sap:quickinfo="User Name in User Master Record"/>
                <Property Name="uflag" Type="Edm.Byte" sap:label="User Lock" sap:quickinfo="User Lock Status"/>
            </EntityType>
            <EntityType Name="xNAUTIxUIIDUSRGROUPType" sap:label="user and userid group" sap:content-version="1">
                <Key>
                    <PropertyRef Name="Zuser"/>
                </Key>
                <Property Name="Zuser" Type="Edm.String" Nullable="false" MaxLength="12" sap:display-format="UpperCase" sap:label="User Name"/>
                <Property Name="Zgroup" Type="Edm.String" MaxLength="12" sap:display-format="UpperCase" sap:label="User ID group"/>
            </EntityType>
            <EntityType Name="xNAUTIxuseridassociationType" sap:label="user and userid association" sap:content-version="1">
                <Key>
                    <PropertyRef Name="Zgroup"/>
                </Key>
                <Property Name="Zgroup" Type="Edm.String" Nullable="false" MaxLength="12" sap:display-format="UpperCase" sap:label="User ID group"/>
                <NavigationProperty Name="to_association" Relationship="NAUTI.MASTER_BTP_SRV.assoc_F2CADB88EE0507B82C8BFE1F7B426327" FromRole="FromRole_assoc_F2CADB88EE0507B82C8BFE1F7B426327" ToRole="ToRole_assoc_F2CADB88EE0507B82C8BFE1F7B426327"/>
            </EntityType>
            <EntityType Name="xNAUTIxvend_btpType" sap:label="Vendor Master data for BTP" sap:content-version="1">
                <Key>
                    <PropertyRef Name="Supplier"/>
                    <PropertyRef Name="CompanyCode"/>
                    <PropertyRef Name="BusinessPartner"/>
                    <PropertyRef Name="PurchasingOrganization"/>
                    <PropertyRef Name="BankCountry"/>
                    <PropertyRef Name="Bank"/>
                    <PropertyRef Name="BankAccount"/>
                    <PropertyRef Name="Country"/>
                </Key>
                <Property Name="Supplier" Type="Edm.String" Nullable="false" MaxLength="10" sap:display-format="UpperCase" sap:text="SupplierName" sap:label="Vendor" sap:quickinfo="Account Number of Vendor or Creditor" sap:value-list="standard"/>
                <Property Name="CompanyCode" Type="Edm.String" Nullable="false" MaxLength="4" sap:display-format="UpperCase" sap:label="Company Code" sap:value-list="standard"/>
                <Property Name="BusinessPartner" Type="Edm.String" Nullable="false" MaxLength="10" sap:display-format="UpperCase" sap:label="Business Partner" sap:quickinfo="Business Partner Number"/>
                <Property Name="PurchasingOrganization" Type="Edm.String" Nullable="false" MaxLength="4" sap:display-format="UpperCase" sap:label="Purch. organization" sap:quickinfo="Purchasing organization"/>
                <Property Name="BankCountry" Type="Edm.String" Nullable="false" MaxLength="3" sap:display-format="UpperCase" sap:text="CountryName" sap:label="Bank Country" sap:quickinfo="Bank country key"/>
                <Property Name="Bank" Type="Edm.String" Nullable="false" MaxLength="15" sap:display-format="UpperCase" sap:label="Bank number"/>
                <Property Name="BankAccount" Type="Edm.String" Nullable="false" MaxLength="18" sap:display-format="UpperCase" sap:label="Bank acct" sap:quickinfo="Bank Account Number" sap:value-list="standard"/>
                <Property Name="Country" Type="Edm.String" Nullable="false" MaxLength="3" sap:display-format="UpperCase" sap:text="SupplierCountryName" sap:label="Country" sap:quickinfo="Country Key" sap:value-list="standard"/>
                <Property Name="SupplierName" Type="Edm.String" MaxLength="80" sap:label="Name of Supplier" sap:value-list="standard"/>
                <Property Name="OrganizationBPName1" Type="Edm.String" MaxLength="35" sap:label="Name" sap:quickinfo="Name 1"/>
                <Property Name="OrganizationBPName2" Type="Edm.String" MaxLength="35" sap:label="Name 2"/>
                <Property Name="SupplierCountryName" Type="Edm.String" MaxLength="50" sap:label="Country Name" sap:quickinfo="Country Name (Max. 50 Characters)"/>
                <Property Name="PostalCode" Type="Edm.String" MaxLength="10" sap:display-format="UpperCase" sap:label="Postal Code"/>
                <Property Name="CityName" Type="Edm.String" MaxLength="40" sap:label="City" sap:value-list="standard"/>
                <Property Name="StreetName" Type="Edm.String" MaxLength="35" sap:label="Street" sap:quickinfo="Street and House Number"/>
                <Property Name="PhoneNumber1" Type="Edm.String" MaxLength="16" sap:label="Telephone 1" sap:quickinfo="First telephone number" sap:semantics="tel"/>
                <Property Name="FaxNumber" Type="Edm.String" MaxLength="31" sap:label="Fax Number" sap:semantics="tel"/>
                <Property Name="CreationDate" Type="Edm.DateTime" Precision="0" sap:display-format="Date" sap:label="Created on" sap:quickinfo="Date on which the Record Was Created"/>
                <Property Name="CreatedByUser" Type="Edm.String" MaxLength="12" sap:display-format="UpperCase" sap:label="Created by" sap:quickinfo="Name of Person who Created the Object"/>
                <Property Name="PhoneNumber2" Type="Edm.String" MaxLength="16" sap:label="Telephone 2" sap:quickinfo="Second telephone number"/>
                <Property Name="IsNaturalPerson" Type="Edm.String" MaxLength="1" sap:display-format="UpperCase" sap:label="Natural Person"/>
                <Property Name="TaxNumber1" Type="Edm.String" MaxLength="16" sap:display-format="UpperCase" sap:label="Tax Number 1"/>
                <Property Name="TaxNumber2" Type="Edm.String" MaxLength="11" sap:display-format="UpperCase" sap:label="Tax Number 2"/>
                <Property Name="TaxNumber3" Type="Edm.String" MaxLength="18" sap:display-format="UpperCase" sap:label="Tax Number 3"/>
                <Property Name="TaxNumber4" Type="Edm.String" MaxLength="18" sap:display-format="UpperCase" sap:label="Tax Number 4"/>
                <Property Name="TaxNumber5" Type="Edm.String" MaxLength="60" sap:display-format="UpperCase" sap:label="Tax Number 5"/>
                <Property Name="VATRegistration" Type="Edm.String" MaxLength="20" sap:display-format="UpperCase" sap:label="VAT Registration No." sap:quickinfo="VAT Registration Number"/>
                <Property Name="ResponsibleType" Type="Edm.String" MaxLength="2" sap:display-format="UpperCase" sap:label="Tax Type"/>
                <Property Name="TaxNumberType" Type="Edm.String" MaxLength="2" sap:display-format="UpperCase" sap:label="Tax Number Type"/>
                <Property Name="TaxNumberResponsible" Type="Edm.String" MaxLength="18" sap:display-format="UpperCase" sap:label="Tax Number" sap:quickinfo="Tax Number at Responsible Tax Authority"/>
                <Property Name="AddressID" Type="Edm.String" MaxLength="10" sap:display-format="UpperCase" sap:label="Address"/>
                <Property Name="DeletionIndicator" Type="Edm.Boolean" sap:display-format="UpperCase" sap:label="Del. Supplier Lvl" sap:quickinfo="Deletion Flag for Master Record on Supplier Level"/>
                <Property Name="SupplierAccountGroup" Type="Edm.String" MaxLength="4" sap:display-format="UpperCase" sap:text="AccountGroupName" sap:label="Supplier Acct Group" sap:quickinfo="Supplier Account Group"/>
                <Property Name="AccountGroupName" Type="Edm.String" MaxLength="30" sap:label="Name" sap:quickinfo="Account Group Name"/>
                <Property Name="AuthorizationGroup" Type="Edm.String" MaxLength="4" sap:display-format="UpperCase" sap:label="Authorization" sap:quickinfo="Authorization Group"/>
                <Property Name="AccountIsBlockedForPosting" Type="Edm.Boolean" sap:display-format="UpperCase" sap:label="Central Post. Block" sap:quickinfo="Central Posting Block"/>
                <Property Name="PaymentIsBlockedForSupplier" Type="Edm.Boolean" sap:display-format="UpperCase" sap:label="Payment Block"/>
                <Property Name="AlternativePayeeAccountNumber" Type="Edm.String" MaxLength="10" sap:display-format="UpperCase" sap:label="Alternative Payee" sap:quickinfo="Account Number of the Alternative Payee"/>
                <Property Name="SearchString" Type="Edm.String" MaxLength="4" sap:display-format="UpperCase" sap:label="Company Code" sap:value-list="standard"/>
                <Property Name="LayoutSortingRule" Type="Edm.String" MaxLength="3" sap:display-format="UpperCase" sap:label="Sort key" sap:quickinfo="Key for sorting according to assignment numbers"/>
                <Property Name="ReconciliationAccount" Type="Edm.String" MaxLength="10" sap:display-format="UpperCase" sap:label="Recon. Account" sap:quickinfo="Reconciliation Account in General Ledger"/>
                <Property Name="PaymentMethodsList" Type="Edm.String" MaxLength="10" sap:display-format="UpperCase" sap:label="Payment Methods" sap:quickinfo="List of Respected Payment Methods"/>
                <Property Name="AccountingClerk" Type="Edm.String" MaxLength="2" sap:display-format="UpperCase" sap:label="Accounting Clerk"/>
                <Property Name="AccountingClerkFaxNumber" Type="Edm.String" MaxLength="31" sap:label="Clerk Fax No" sap:quickinfo="Accounting clerk's fax number at the customer/supplier"/>
                <Property Name="SupplierClerkURL" Type="Edm.String" MaxLength="130" sap:label="Internet Add." sap:quickinfo="Internet address of partner company clerk"/>
                <Property Name="AccountingClerkPhoneNumber" Type="Edm.String" MaxLength="30" sap:display-format="UpperCase" sap:label="Acct.clerks tel.no." sap:quickinfo="Accounting clerk's telephone number at business partner"/>
                <Property Name="SuplrCoCodePaymentTerms" Type="Edm.String" MaxLength="4" sap:display-format="UpperCase" sap:label="Terms of PaytKey CC" sap:quickinfo="Terms of Payment Key (Company Code)"/>
                <Property Name="PaymentBlockingReason" Type="Edm.String" MaxLength="1" sap:display-format="UpperCase" sap:label="Item Payment Block" sap:quickinfo="Payment Block on Item"/>
                <Property Name="SuplrIsDeltdCoCode" Type="Edm.Boolean" sap:display-format="UpperCase" sap:label="Del. CoCd Lvl" sap:quickinfo="Deletion Flag for Master Record on Company Code Level"/>
                <Property Name="CashPlanningGroup" Type="Edm.String" MaxLength="10" sap:display-format="UpperCase" sap:label="Planning Group"/>
                <Property Name="IsToBeCheckedForDuplicates" Type="Edm.Boolean" sap:display-format="UpperCase" sap:label="Check Double Invoice" sap:quickinfo="Check Flag for Double Invoices or Credit Memos"/>
                <Property Name="SupplierIsBlockedForPosting" Type="Edm.Boolean" sap:display-format="UpperCase" sap:label="Splr Post. Blk" sap:quickinfo="Posting block for company code"/>
                <Property Name="PurOrdAutoGenerationIsAllowed" Type="Edm.Boolean" sap:display-format="UpperCase" sap:label="Automatic PO" sap:quickinfo="Automatic Generation of Purchase Order Allowed"/>
                <Property Name="PurchasingGroup" Type="Edm.String" MaxLength="3" sap:display-format="UpperCase" sap:label="Purchasing Group"/>
                <Property Name="SupplierPurgOrgPaymentTerms" Type="Edm.String" MaxLength="4" sap:display-format="UpperCase" sap:label="Terms of PaytKey PO" sap:quickinfo="Terms of Payment Key (Purchasing Org)"/>
                <Property Name="PurchasingIsBlockedForSupplier" Type="Edm.Boolean" sap:display-format="UpperCase" sap:label="Purchasing Block" sap:quickinfo="Purchasing block at purchasing organization level"/>
                <Property Name="SuplrIsDeltdPurgOrg" Type="Edm.Boolean" sap:display-format="UpperCase" sap:label="Del. Purch. Lvl" sap:quickinfo="Deletion Flag for Master Record on Purchasing Org. Level"/>
                <Property Name="InvoiceIsGoodsReceiptBased" Type="Edm.Boolean" sap:display-format="UpperCase" sap:label="GR-Based Inv. Verif." sap:quickinfo="Indicator: GR-Based Invoice Verification"/>
                <Property Name="PurchaseOrderCurrency" Type="Edm.String" MaxLength="5" sap:label="Order currency" sap:quickinfo="Purchase order currency" sap:semantics="currency-code"/>
                <Property Name="EmailAddress" Type="Edm.String" MaxLength="241" sap:label="Email Address" sap:semantics="email"/>
                <Property Name="BankName" Type="Edm.String" MaxLength="60" sap:label="Bank name" sap:quickinfo="Name of bank"/>
                <Property Name="BankInternalID" Type="Edm.String" MaxLength="15" sap:display-format="UpperCase" sap:label="Bank Key" sap:quickinfo="Bank Keys"/>
                <Property Name="SWIFTCode" Type="Edm.String" MaxLength="11" sap:display-format="UpperCase" sap:label="SWIFT/BIC" sap:quickinfo="SWIFT/BIC for International Payments"/>
                <Property Name="IBAN" Type="Edm.String" MaxLength="34" sap:display-format="UpperCase" sap:label="IBAN" sap:quickinfo="IBAN (International Bank Account Number)"/>
                <Property Name="BankControlKey" Type="Edm.String" MaxLength="2" sap:display-format="UpperCase" sap:label="Bank Control Key"/>
                <Property Name="BankAccountHolderName" Type="Edm.String" MaxLength="60" sap:label="Account Holder" sap:quickinfo="Bank Account Holder"/>
                <Property Name="CountryName" Type="Edm.String" MaxLength="56"/>
                <Property Name="BusPartPOBoxDvtgCityName" Type="Edm.String" MaxLength="40" sap:label="BP PO Box Dvtg City" sap:quickinfo="Business Partner PO Box Deviating City Name"/>
                <Property Name="VATLiability" Type="Edm.Boolean" sap:display-format="UpperCase" sap:label="Liable for VAT"/>
                <Property Name="WithholdingTaxCountry" Type="Edm.String" MaxLength="3" sap:display-format="UpperCase" sap:label="WTax Country" sap:quickinfo="Withholding Tax Country Key"/>
                <Property Name="FullName" Type="Edm.String" MaxLength="80" sap:label="Full Name" sap:quickinfo="Full Name of Person"/>
                <Property Name="SearchTerm1" Type="Edm.String" MaxLength="20" sap:display-format="UpperCase" sap:label="Search term 1" sap:quickinfo="Search term 1 for business partner"/>
                <Property Name="SearchTerm2" Type="Edm.String" MaxLength="20" sap:display-format="UpperCase" sap:label="Search term 2" sap:quickinfo="Search term 2 for business partner"/>
                <Property Name="BranchCode" Type="Edm.String" MaxLength="5" sap:display-format="UpperCase" sap:label="Branch Code"/>
                <Property Name="TH_BranchCodeDescription" Type="Edm.String" MaxLength="40" sap:label="Branch Description" sap:quickinfo="Branch Descriptopn"/>
                <Property Name="IsDefaultValue" Type="Edm.String" MaxLength="1" sap:display-format="UpperCase" sap:label="Default Branch" sap:quickinfo="Default Branch Code"/>
                <Property Name="PreviousAccountNumber" Type="Edm.String" MaxLength="10" sap:display-format="UpperCase" sap:label="Previous Account No." sap:quickinfo="Previous Master Record Number"/>
            </EntityType>
            <EntityType Name="xNAUTIxVOYType" sap:label="Voyage Type Master Table" sap:content-version="1">
                <Key>
                    <PropertyRef Name="voycd"/>
                </Key>
                <Property Name="voycd" Type="Edm.String" Nullable="false" MaxLength="4" sap:display-format="UpperCase" sap:label="Voyage Code" sap:quickinfo="Voyage Type"/>
                <Property Name="voydes" Type="Edm.String" MaxLength="40" sap:display-format="UpperCase" sap:label="Voyage Code Descript" sap:quickinfo="Voyage Code Description"/>
            </EntityType>
            <EntityType Name="I_Bank_Acct_VHType" sap:label="Bank Data" sap:value-list="true" sap:content-version="1">
                <Key>
                    <PropertyRef Name="BankInternalID"/>
                    <PropertyRef Name="BankCountry"/>
                </Key>
                <Property Name="BankInternalID" Type="Edm.String" Nullable="false" MaxLength="15" sap:display-format="UpperCase" sap:text="BankName" sap:label="Bank Key" sap:quickinfo="Bank Keys"/>
                <Property Name="BankCountry" Type="Edm.String" Nullable="false" MaxLength="3" sap:display-format="UpperCase" sap:label="Bank Country" sap:quickinfo="Bank country key"/>
                <Property Name="BankName" Type="Edm.String" MaxLength="60" sap:label="Bank name" sap:quickinfo="Name of bank"/>
            </EntityType>
            <EntityType Name="I_CompanyCodeStdVHType" sap:label="Company Code" sap:value-list="true" sap:content-version="1">
                <Key>
                    <PropertyRef Name="CompanyCode"/>
                </Key>
                <Property Name="CompanyCode" Type="Edm.String" Nullable="false" MaxLength="4" sap:display-format="UpperCase" sap:text="CompanyCodeName" sap:label="Company Code"/>
                <Property Name="CompanyCodeName" Type="Edm.String" MaxLength="25" sap:label="Company Name" sap:quickinfo="Name of Company Code or Company"/>
            </EntityType>
            <EntityType Name="I_CompanyCodeVHType" sap:label="Company Code" sap:value-list="true" sap:content-version="1">
                <Key>
                    <PropertyRef Name="CompanyCode"/>
                </Key>
                <Property Name="CompanyCode" Type="Edm.String" Nullable="false" MaxLength="4" sap:display-format="UpperCase" sap:text="CompanyCodeName" sap:label="Company Code"/>
                <Property Name="CompanyCodeName" Type="Edm.String" MaxLength="25" sap:label="Company Name" sap:quickinfo="Name of Company Code or Company"/>
                <Property Name="ControllingArea" Type="Edm.String" MaxLength="4" sap:display-format="UpperCase" sap:label="Controlling Area"/>
                <Property Name="CityName" Type="Edm.String" MaxLength="25" sap:label="City"/>
                <Property Name="Country" Type="Edm.String" MaxLength="3" sap:display-format="UpperCase" sap:label="Country Key"/>
                <Property Name="Currency" Type="Edm.String" MaxLength="5" sap:label="Currency" sap:quickinfo="Currency Key" sap:semantics="currency-code"/>
                <Property Name="Language" Type="Edm.String" MaxLength="2" sap:label="Language Key"/>
                <Property Name="ChartOfAccounts" Type="Edm.String" MaxLength="4" sap:display-format="UpperCase" sap:label="Chart of Accounts"/>
                <Property Name="FiscalYearVariant" Type="Edm.String" MaxLength="2" sap:display-format="UpperCase" sap:label="Fiscal Year Variant"/>
                <Property Name="Company" Type="Edm.String" MaxLength="6" sap:display-format="UpperCase" sap:label="Company"/>
                <Property Name="CreditControlArea" Type="Edm.String" MaxLength="4" sap:display-format="UpperCase" sap:label="Credit control area"/>
                <Property Name="CountryChartOfAccounts" Type="Edm.String" MaxLength="4" sap:display-format="UpperCase" sap:label="Country CoA" sap:quickinfo="Country Chart of Accounts"/>
                <Property Name="FinancialManagementArea" Type="Edm.String" MaxLength="4" sap:display-format="UpperCase" sap:label="FM Area" sap:quickinfo="Financial Management Area"/>
            </EntityType>
            <EntityType Name="I_CountryType" sap:label="Country" sap:value-list="true" sap:content-version="1">
                <Key>
                    <PropertyRef Name="Country"/>
                </Key>
                <Property Name="Country" Type="Edm.String" Nullable="false" MaxLength="3" sap:display-format="UpperCase" sap:text="Country_Text" sap:label="Country Key"/>
                <Property Name="Country_Text" Type="Edm.String" MaxLength="50" sap:label="Country Name" sap:quickinfo="Country Name (Max. 50 Characters)" sap:creatable="false" sap:updatable="false"/>
                <Property Name="CountryThreeLetterISOCode" Type="Edm.String" MaxLength="3" sap:display-format="UpperCase" sap:label="ISO Code 3 Char" sap:quickinfo="ISO country code 3 char"/>
                <Property Name="CountryThreeDigitISOCode" Type="Edm.String" MaxLength="3" sap:display-format="NonNegative" sap:label="ISO Code Num. 3" sap:quickinfo="ISO Country Code Numeric 3-Characters"/>
                <Property Name="CountryCurrency" Type="Edm.String" MaxLength="5" sap:label="Country Currency" sap:semantics="currency-code"/>
                <Property Name="IndexBasedCurrency" Type="Edm.String" MaxLength="5" sap:label="Index-Based Currency" sap:quickinfo="Currency Key of the Index-Based Currency" sap:semantics="currency-code"/>
                <Property Name="HardCurrency" Type="Edm.String" MaxLength="5" sap:label="Hard Currency" sap:quickinfo="Currency Key of the Hard Currency" sap:semantics="currency-code"/>
                <Property Name="TaxCalculationProcedure" Type="Edm.String" MaxLength="6" sap:display-format="UpperCase" sap:label="Procedure" sap:quickinfo="Procedure (Pricing, Output Control, Acct. Det., Costing,...)"/>
                <Property Name="CountryAlternativeCode" Type="Edm.String" MaxLength="3" sap:display-format="UpperCase" sap:label="Altern.Country Key" sap:quickinfo="Alternative Country Key"/>
            </EntityType>
            <EntityType Name="I_Supplier_VHType" sap:label="Value Help for Supplier" sap:value-list="true" sap:content-version="1">
                <Key>
                    <PropertyRef Name="Supplier"/>
                </Key>
                <Property Name="Supplier" Type="Edm.String" Nullable="false" MaxLength="10" sap:display-format="UpperCase" sap:text="SupplierName" sap:label="Vendor" sap:quickinfo="Account Number of Vendor or Creditor"/>
                <Property Name="SupplierName" Type="Edm.String" MaxLength="35" sap:label="Name" sap:quickinfo="Name 1"/>
                <Property Name="AuthorizationGroup" Type="Edm.String" MaxLength="4" sap:display-format="UpperCase" sap:label="Authorization" sap:quickinfo="Authorization Group"/>
                <Property Name="SupplierAccountGroup" Type="Edm.String" MaxLength="4" sap:display-format="UpperCase" sap:label="Account group" sap:quickinfo="Vendor account group"/>
                <Property Name="IsBusinessPurposeCompleted" Type="Edm.String" MaxLength="1" sap:display-format="UpperCase" sap:label="Purpose Completed" sap:quickinfo="Business Purpose Completed Flag"/>
            </EntityType>
            <EntityType Name="P_CityValueHelpType" sap:value-list="true" sap:content-version="1">
                <Key>
                    <PropertyRef Name="CityName"/>
                </Key>
                <Property Name="CityName" Type="Edm.String" Nullable="false" MaxLength="40" sap:label="City"/>
            </EntityType>
            <EntityType Name="ZBTP_NAUTICAL_CURRENCYType" sap:label="CDS View For Currency" sap:content-version="1">
                <Key>
                    <PropertyRef Name="waers"/>
                </Key>
                <Property Name="waers" Type="Edm.String" Nullable="false" MaxLength="5" sap:label="Currency" sap:quickinfo="Currency Key" sap:semantics="currency-code"/>
                <Property Name="isocd" Type="Edm.String" MaxLength="3" sap:display-format="UpperCase" sap:label="ISO code" sap:quickinfo="ISO currency code"/>
                <Property Name="spras" Type="Edm.String" MaxLength="2" sap:label="Language Key"/>
                <Property Name="ltext" Type="Edm.String" MaxLength="40" sap:label="Long Text"/>
                <Property Name="ktext" Type="Edm.String" MaxLength="15" sap:label="Short text"/>
            </EntityType>
            <Association Name="assoc_F2CADB88EE0507B82C8BFE1F7B426327" sap:content-version="1">
                <End Type="NAUTI.MASTER_BTP_SRV.xNAUTIxuseridassociationType" Multiplicity="1" Role="FromRole_assoc_F2CADB88EE0507B82C8BFE1F7B426327"/>
                <End Type="NAUTI.MASTER_BTP_SRV.xNAUTIxUIIDUSRGROUPType" Multiplicity="*" Role="ToRole_assoc_F2CADB88EE0507B82C8BFE1F7B426327"/>
            </Association>
            <EntityContainer Name="NAUTI_MASTER_BTP_SRV_Entities" m:IsDefaultEntityContainer="true" sap:message-scope-supported="true" sap:supported-formats="atom json xlsx">
                <EntitySet Name="BusinessPartnerSet" EntityType="NAUTI.MASTER_BTP_SRV.BusinessPartner" sap:pageable="false" sap:content-version="1"/>
                <EntitySet Name="MaintainGroupSet" EntityType="NAUTI.MASTER_BTP_SRV.MaintainGroup" sap:pageable="false" sap:content-version="1"/>
                <EntitySet Name="CountryMasterSet" EntityType="NAUTI.MASTER_BTP_SRV.CountryMaster" sap:pageable="false" sap:content-version="1"/>
                <EntitySet Name="CostMasterSet" EntityType="NAUTI.MASTER_BTP_SRV.CostMaster" sap:pageable="false" sap:content-version="1"/>
                <EntitySet Name="EventMasterSet" EntityType="NAUTI.MASTER_BTP_SRV.EventMaster" sap:pageable="false" sap:content-version="1"/>
                <EntitySet Name="ClassMasterSet" EntityType="NAUTI.MASTER_BTP_SRV.ClassMaster" sap:pageable="false" sap:content-version="1"/>
                <EntitySet Name="BidMasterSet" EntityType="NAUTI.MASTER_BTP_SRV.BidMaster" sap:pageable="false" sap:content-version="1"/>
                <EntitySet Name="GROUPIDSet" EntityType="NAUTI.MASTER_BTP_SRV.GROUPID" sap:creatable="false" sap:updatable="false" sap:deletable="false" sap:pageable="false" sap:addressable="false" sap:content-version="1"/>
                <EntitySet Name="GROUPIDUSERSSet" EntityType="NAUTI.MASTER_BTP_SRV.GROUPIDUSERS" sap:creatable="false" sap:updatable="false" sap:deletable="false" sap:pageable="false" sap:addressable="false" sap:content-version="1"/>
                <EntitySet Name="UOMSet" EntityType="NAUTI.MASTER_BTP_SRV.UOM" sap:creatable="false" sap:updatable="false" sap:deletable="false" sap:pageable="false" sap:content-version="1"/>
                <EntitySet Name="country_updSet" EntityType="NAUTI.MASTER_BTP_SRV.country_upd" sap:creatable="false" sap:updatable="false" sap:deletable="false" sap:pageable="false" sap:content-version="1"/>
                <EntitySet Name="PortmasterSet" EntityType="NAUTI.MASTER_BTP_SRV.Portmaster" sap:creatable="false" sap:updatable="false" sap:deletable="false" sap:pageable="false" sap:content-version="1"/>
                <EntitySet Name="RefrenceDocumentSet" EntityType="NAUTI.MASTER_BTP_SRV.RefrenceDocument" sap:creatable="false" sap:updatable="false" sap:deletable="false" sap:pageable="false" sap:content-version="1"/>
                <EntitySet Name="PortmasterUpdateSet" EntityType="NAUTI.MASTER_BTP_SRV.PortmasterUpdate" sap:creatable="false" sap:updatable="false" sap:deletable="false" sap:pageable="false" sap:content-version="1"/>
                <EntitySet Name="VoyageRealeaseSet" EntityType="NAUTI.MASTER_BTP_SRV.VoyageRealease" sap:creatable="false" sap:updatable="false" sap:deletable="false" sap:pageable="false" sap:content-version="1"/>
                <EntitySet Name="CountrySet" EntityType="NAUTI.MASTER_BTP_SRV.Country" sap:creatable="false" sap:updatable="false" sap:deletable="false" sap:pageable="false" sap:content-version="1"/>
                <EntitySet Name="CurrencySet" EntityType="NAUTI.MASTER_BTP_SRV.Currency" sap:creatable="false" sap:updatable="false" sap:deletable="false" sap:pageable="false" sap:content-version="1"/>
                <EntitySet Name="StandardCurrencySet" EntityType="NAUTI.MASTER_BTP_SRV.StandardCurrency" sap:creatable="false" sap:updatable="false" sap:deletable="false" sap:pageable="false" sap:content-version="1"/>
                <EntitySet Name="RelStrategySet" EntityType="NAUTI.MASTER_BTP_SRV.RelStrategy" sap:creatable="false" sap:updatable="false" sap:deletable="false" sap:pageable="false" sap:content-version="1"/>
                <EntitySet Name="xNAUTIxBusinessPartner1" EntityType="NAUTI.MASTER_BTP_SRV.xNAUTIxBusinessPartner1Type" sap:creatable="false" sap:updatable="false" sap:deletable="false" sap:content-version="1"/>
                <EntitySet Name="xNAUTIxMASBID" EntityType="NAUTI.MASTER_BTP_SRV.xNAUTIxMASBIDType" sap:creatable="false" sap:updatable="false" sap:deletable="false" sap:content-version="1"/>
                <EntitySet Name="xNAUTIxSAPUSERS" EntityType="NAUTI.MASTER_BTP_SRV.xNAUTIxSAPUSERSType" sap:creatable="false" sap:updatable="false" sap:deletable="false" sap:content-version="1"/>
                <EntitySet Name="xNAUTIxUIIDUSRGROUP" EntityType="NAUTI.MASTER_BTP_SRV.xNAUTIxUIIDUSRGROUPType" sap:creatable="false" sap:updatable="false" sap:deletable="false" sap:content-version="1"/>
                <EntitySet Name="xNAUTIxuseridassociation" EntityType="NAUTI.MASTER_BTP_SRV.xNAUTIxuseridassociationType" sap:creatable="false" sap:updatable="false" sap:deletable="false" sap:content-version="1"/>
                <EntitySet Name="xNAUTIxvend_btp" EntityType="NAUTI.MASTER_BTP_SRV.xNAUTIxvend_btpType" sap:creatable="false" sap:updatable="false" sap:deletable="false" sap:content-version="1"/>
                <EntitySet Name="xNAUTIxVOY" EntityType="NAUTI.MASTER_BTP_SRV.xNAUTIxVOYType" sap:creatable="false" sap:updatable="false" sap:deletable="false" sap:content-version="1"/>
                <EntitySet Name="I_Bank_Acct_VH" EntityType="NAUTI.MASTER_BTP_SRV.I_Bank_Acct_VHType" sap:creatable="false" sap:updatable="false" sap:deletable="false" sap:searchable="true" sap:content-version="1"/>
                <EntitySet Name="I_CompanyCodeStdVH" EntityType="NAUTI.MASTER_BTP_SRV.I_CompanyCodeStdVHType" sap:creatable="false" sap:updatable="false" sap:deletable="false" sap:searchable="true" sap:content-version="1"/>
                <EntitySet Name="I_CompanyCodeVH" EntityType="NAUTI.MASTER_BTP_SRV.I_CompanyCodeVHType" sap:creatable="false" sap:updatable="false" sap:deletable="false" sap:searchable="true" sap:content-version="1"/>
                <EntitySet Name="I_Country" EntityType="NAUTI.MASTER_BTP_SRV.I_CountryType" sap:creatable="false" sap:updatable="false" sap:deletable="false" sap:searchable="true" sap:content-version="1"/>
                <EntitySet Name="I_Supplier_VH" EntityType="NAUTI.MASTER_BTP_SRV.I_Supplier_VHType" sap:creatable="false" sap:updatable="false" sap:deletable="false" sap:searchable="true" sap:content-version="1"/>
                <EntitySet Name="P_CityValueHelp" EntityType="NAUTI.MASTER_BTP_SRV.P_CityValueHelpType" sap:creatable="false" sap:updatable="false" sap:deletable="false" sap:content-version="1"/>
                <EntitySet Name="ZBTP_NAUTICAL_CURRENCY" EntityType="NAUTI.MASTER_BTP_SRV.ZBTP_NAUTICAL_CURRENCYType" sap:content-version="1"/>
                <AssociationSet Name="assoc_F2CADB88EE0507B82C8BFE1F7B426327" Association="NAUTI.MASTER_BTP_SRV.assoc_F2CADB88EE0507B82C8BFE1F7B426327" sap:creatable="false" sap:updatable="false" sap:deletable="false" sap:content-version="1">
                    <End EntitySet="xNAUTIxuseridassociation" Role="FromRole_assoc_F2CADB88EE0507B82C8BFE1F7B426327"/>
                    <End EntitySet="xNAUTIxUIIDUSRGROUP" Role="ToRole_assoc_F2CADB88EE0507B82C8BFE1F7B426327"/>
                </AssociationSet>
            </EntityContainer>
            <Annotations Target="NAUTI.MASTER_BTP_SRV.xNAUTIxvend_btpType/Supplier"
                xmlns="http://docs.oasis-open.org/odata/ns/edm">
                <Annotation Term="Common.ValueList">
                    <Record>
                        <PropertyValue Property="Label" String="Value Help for Supplier"/>
                        <PropertyValue Property="CollectionPath" String="I_Supplier_VH"/>
                        <PropertyValue Property="SearchSupported" Bool="true"/>
                        <PropertyValue Property="Parameters">
                            <Collection>
                                <Record Type="Common.ValueListParameterInOut">
                                    <PropertyValue Property="LocalDataProperty" PropertyPath="Supplier"/>
                                    <PropertyValue Property="ValueListProperty" String="Supplier"/>
                                </Record>
                                <Record Type="Common.ValueListParameterDisplayOnly">
                                    <PropertyValue Property="ValueListProperty" String="SupplierName"/>
                                </Record>
                                <Record Type="Common.ValueListParameterDisplayOnly">
                                    <PropertyValue Property="ValueListProperty" String="AuthorizationGroup"/>
                                </Record>
                                <Record Type="Common.ValueListParameterDisplayOnly">
                                    <PropertyValue Property="ValueListProperty" String="SupplierAccountGroup"/>
                                </Record>
                                <Record Type="Common.ValueListParameterDisplayOnly">
                                    <PropertyValue Property="ValueListProperty" String="IsBusinessPurposeCompleted"/>
                                </Record>
                            </Collection>
                        </PropertyValue>
                    </Record>
                </Annotation>
            </Annotations>
            <Annotations Target="NAUTI.MASTER_BTP_SRV.xNAUTIxvend_btpType/CompanyCode"
                xmlns="http://docs.oasis-open.org/odata/ns/edm">
                <Annotation Term="Common.ValueList">
                    <Record>
                        <PropertyValue Property="Label" String="Company Code"/>
                        <PropertyValue Property="CollectionPath" String="I_CompanyCodeVH"/>
                        <PropertyValue Property="SearchSupported" Bool="true"/>
                        <PropertyValue Property="Parameters">
                            <Collection>
                                <Record Type="Common.ValueListParameterInOut">
                                    <PropertyValue Property="LocalDataProperty" PropertyPath="CompanyCode"/>
                                    <PropertyValue Property="ValueListProperty" String="CompanyCode"/>
                                </Record>
                                <Record Type="Common.ValueListParameterDisplayOnly">
                                    <PropertyValue Property="ValueListProperty" String="CompanyCodeName"/>
                                </Record>
                                <Record Type="Common.ValueListParameterDisplayOnly">
                                    <PropertyValue Property="ValueListProperty" String="ControllingArea"/>
                                </Record>
                                <Record Type="Common.ValueListParameterDisplayOnly">
                                    <PropertyValue Property="ValueListProperty" String="CityName"/>
                                </Record>
                                <Record Type="Common.ValueListParameterDisplayOnly">
                                    <PropertyValue Property="ValueListProperty" String="Country"/>
                                </Record>
                                <Record Type="Common.ValueListParameterDisplayOnly">
                                    <PropertyValue Property="ValueListProperty" String="Currency"/>
                                </Record>
                                <Record Type="Common.ValueListParameterDisplayOnly">
                                    <PropertyValue Property="ValueListProperty" String="Language"/>
                                </Record>
                                <Record Type="Common.ValueListParameterDisplayOnly">
                                    <PropertyValue Property="ValueListProperty" String="ChartOfAccounts"/>
                                </Record>
                                <Record Type="Common.ValueListParameterDisplayOnly">
                                    <PropertyValue Property="ValueListProperty" String="FiscalYearVariant"/>
                                </Record>
                                <Record Type="Common.ValueListParameterDisplayOnly">
                                    <PropertyValue Property="ValueListProperty" String="Company"/>
                                </Record>
                                <Record Type="Common.ValueListParameterDisplayOnly">
                                    <PropertyValue Property="ValueListProperty" String="CreditControlArea"/>
                                </Record>
                                <Record Type="Common.ValueListParameterDisplayOnly">
                                    <PropertyValue Property="ValueListProperty" String="CountryChartOfAccounts"/>
                                </Record>
                                <Record Type="Common.ValueListParameterDisplayOnly">
                                    <PropertyValue Property="ValueListProperty" String="FinancialManagementArea"/>
                                </Record>
                            </Collection>
                        </PropertyValue>
                    </Record>
                </Annotation>
            </Annotations>
            <Annotations Target="NAUTI.MASTER_BTP_SRV.xNAUTIxvend_btpType/BankAccount"
                xmlns="http://docs.oasis-open.org/odata/ns/edm">
                <Annotation Term="Common.ValueList">
                    <Record>
                        <PropertyValue Property="Label" String="Bank Data"/>
                        <PropertyValue Property="CollectionPath" String="I_Bank_Acct_VH"/>
                        <PropertyValue Property="SearchSupported" Bool="true"/>
                        <PropertyValue Property="Parameters">
                            <Collection>
                                <Record Type="Common.ValueListParameterInOut">
                                    <PropertyValue Property="LocalDataProperty" PropertyPath="BankAccount"/>
                                    <PropertyValue Property="ValueListProperty" String="BankInternalID"/>
                                </Record>
                                <Record Type="Common.ValueListParameterDisplayOnly">
                                    <PropertyValue Property="ValueListProperty" String="BankCountry"/>
                                </Record>
                                <Record Type="Common.ValueListParameterDisplayOnly">
                                    <PropertyValue Property="ValueListProperty" String="BankName"/>
                                </Record>
                            </Collection>
                        </PropertyValue>
                    </Record>
                </Annotation>
            </Annotations>
            <Annotations Target="NAUTI.MASTER_BTP_SRV.xNAUTIxvend_btpType/Country"
                xmlns="http://docs.oasis-open.org/odata/ns/edm">
                <Annotation Term="Common.ValueList">
                    <Record>
                        <PropertyValue Property="Label" String="Country"/>
                        <PropertyValue Property="CollectionPath" String="I_Country"/>
                        <PropertyValue Property="SearchSupported" Bool="true"/>
                        <PropertyValue Property="Parameters">
                            <Collection>
                                <Record Type="Common.ValueListParameterInOut">
                                    <PropertyValue Property="LocalDataProperty" PropertyPath="Country"/>
                                    <PropertyValue Property="ValueListProperty" String="Country"/>
                                </Record>
                                <Record Type="Common.ValueListParameterDisplayOnly">
                                    <PropertyValue Property="ValueListProperty" String="Country_Text"/>
                                </Record>
                                <Record Type="Common.ValueListParameterDisplayOnly">
                                    <PropertyValue Property="ValueListProperty" String="CountryThreeLetterISOCode"/>
                                </Record>
                                <Record Type="Common.ValueListParameterDisplayOnly">
                                    <PropertyValue Property="ValueListProperty" String="CountryThreeDigitISOCode"/>
                                </Record>
                                <Record Type="Common.ValueListParameterDisplayOnly">
                                    <PropertyValue Property="ValueListProperty" String="CountryCurrency"/>
                                </Record>
                                <Record Type="Common.ValueListParameterDisplayOnly">
                                    <PropertyValue Property="ValueListProperty" String="IndexBasedCurrency"/>
                                </Record>
                                <Record Type="Common.ValueListParameterDisplayOnly">
                                    <PropertyValue Property="ValueListProperty" String="HardCurrency"/>
                                </Record>
                                <Record Type="Common.ValueListParameterDisplayOnly">
                                    <PropertyValue Property="ValueListProperty" String="TaxCalculationProcedure"/>
                                </Record>
                                <Record Type="Common.ValueListParameterDisplayOnly">
                                    <PropertyValue Property="ValueListProperty" String="CountryAlternativeCode"/>
                                </Record>
                            </Collection>
                        </PropertyValue>
                    </Record>
                </Annotation>
            </Annotations>
            <Annotations Target="NAUTI.MASTER_BTP_SRV.xNAUTIxvend_btpType/SupplierName"
                xmlns="http://docs.oasis-open.org/odata/ns/edm">
                <Annotation Term="Common.ValueList">
                    <Record>
                        <PropertyValue Property="Label" String="Value Help for Supplier"/>
                        <PropertyValue Property="CollectionPath" String="I_Supplier_VH"/>
                        <PropertyValue Property="SearchSupported" Bool="true"/>
                        <PropertyValue Property="Parameters">
                            <Collection>
                                <Record Type="Common.ValueListParameterInOut">
                                    <PropertyValue Property="LocalDataProperty" PropertyPath="SupplierName"/>
                                    <PropertyValue Property="ValueListProperty" String="SupplierName"/>
                                </Record>
                                <Record Type="Common.ValueListParameterDisplayOnly">
                                    <PropertyValue Property="ValueListProperty" String="Supplier"/>
                                </Record>
                                <Record Type="Common.ValueListParameterDisplayOnly">
                                    <PropertyValue Property="ValueListProperty" String="AuthorizationGroup"/>
                                </Record>
                                <Record Type="Common.ValueListParameterDisplayOnly">
                                    <PropertyValue Property="ValueListProperty" String="SupplierAccountGroup"/>
                                </Record>
                                <Record Type="Common.ValueListParameterDisplayOnly">
                                    <PropertyValue Property="ValueListProperty" String="IsBusinessPurposeCompleted"/>
                                </Record>
                            </Collection>
                        </PropertyValue>
                    </Record>
                </Annotation>
            </Annotations>
            <Annotations Target="NAUTI.MASTER_BTP_SRV.xNAUTIxvend_btpType/CityName"
                xmlns="http://docs.oasis-open.org/odata/ns/edm">
                <Annotation Term="Common.ValueList">
                    <Record>
                        <PropertyValue Property="Label" String=""/>
                        <PropertyValue Property="CollectionPath" String="P_CityValueHelp"/>
                        <PropertyValue Property="SearchSupported" Bool="false"/>
                        <PropertyValue Property="Parameters">
                            <Collection>
                                <Record Type="Common.ValueListParameterInOut">
                                    <PropertyValue Property="LocalDataProperty" PropertyPath="CityName"/>
                                    <PropertyValue Property="ValueListProperty" String="CityName"/>
                                </Record>
                            </Collection>
                        </PropertyValue>
                    </Record>
                </Annotation>
            </Annotations>
            <Annotations Target="NAUTI.MASTER_BTP_SRV.xNAUTIxvend_btpType/SearchString"
                xmlns="http://docs.oasis-open.org/odata/ns/edm">
                <Annotation Term="Common.ValueList">
                    <Record>
                        <PropertyValue Property="Label" String="Company Code"/>
                        <PropertyValue Property="CollectionPath" String="I_CompanyCodeStdVH"/>
                        <PropertyValue Property="SearchSupported" Bool="true"/>
                        <PropertyValue Property="Parameters">
                            <Collection>
                                <Record Type="Common.ValueListParameterInOut">
                                    <PropertyValue Property="LocalDataProperty" PropertyPath="SearchString"/>
                                    <PropertyValue Property="ValueListProperty" String="CompanyCode"/>
                                </Record>
                                <Record Type="Common.ValueListParameterDisplayOnly">
                                    <PropertyValue Property="ValueListProperty" String="CompanyCodeName"/>
                                </Record>
                            </Collection>
                        </PropertyValue>
                    </Record>
                </Annotation>
            </Annotations>
            <Annotations Target="NAUTI.MASTER_BTP_SRV.NAUTI_MASTER_BTP_SRV_Entities"
                xmlns="http://docs.oasis-open.org/odata/ns/edm">
                <Annotation Term="Aggregation.ApplySupported">
                    <Record>
                        <PropertyValue Property="Transformations">
                            <Collection>
                                <String>aggregate</String>
                                <String>groupby</String>
                                <String>filter</String>
                            </Collection>
                        </PropertyValue>
                        <PropertyValue Property="Rollup" EnumMember="None"/>
                    </Record>
                </Annotation>
            </Annotations>
            <atom:link rel="self" href="http://ingenxsrv:8001/sap/opu/odata/nauti/MASTER_BTP_SRV/$metadata"
                xmlns:atom="http://www.w3.org/2005/Atom"/>
                <atom:link rel="latest-version" href="http://ingenxsrv:8001/sap/opu/odata/nauti/MASTER_BTP_SRV/$metadata"
                    xmlns:atom="http://www.w3.org/2005/Atom"/>
                </Schema>
            </edmx:DataServices>
        </edmx:Edmx>