<?xml version="1.0" encoding="utf-8"?>
<edmx:Edmx Version="1.0"
    xmlns:edmx="http://schemas.microsoft.com/ado/2007/06/edmx"
    xmlns:m="http://schemas.microsoft.com/ado/2007/08/dataservices/metadata"
    xmlns:sap="http://www.sap.com/Protocols/SAPData">
    <edmx:Reference Uri="http://ingenxsrv:8001/sap/opu/odata/IWFND/CATALOGSERVICE;v=2/Vocabularies(TechnicalName='%2FIWBEP%2FVOC_COMMON',Version='0001',SAP__Origin='')/$value"
        xmlns:edmx="http://docs.oasis-open.org/odata/ns/edmx">
        <edmx:Include Namespace="com.sap.vocabularies.Common.v1" Alias="Common"/>
    </edmx:Reference>
    <edmx:Reference Uri="http://ingenxsrv:8001/sap/opu/odata/IWFND/CATALOGSERVICE;v=2/Vocabularies(TechnicalName='%2FIWBEP%2FVOC_CAPABILITIES',Version='0001',SAP__Origin='')/$value"
        xmlns:edmx="http://docs.oasis-open.org/odata/ns/edmx">
        <edmx:Include Namespace="Org.OData.Capabilities.V1" Alias="Capabilities"/>
    </edmx:Reference>
    <edmx:Reference Uri="http://ingenxsrv:8001/sap/opu/odata/IWFND/CATALOGSERVICE;v=2/Vocabularies(TechnicalName='%2FIWBEP%2FVOC_COMMUNICATION',Version='0001',SAP__Origin='')/$value"
        xmlns:edmx="http://docs.oasis-open.org/odata/ns/edmx">
        <edmx:Include Namespace="com.sap.vocabularies.Communication.v1" Alias="Communication"/>
    </edmx:Reference>
    <edmx:Reference Uri="http://ingenxsrv:8001/sap/opu/odata/IWFND/CATALOGSERVICE;v=2/Vocabularies(TechnicalName='%2FIWBEP%2FVOC_AGGREGATION',Version='0001',SAP__Origin='')/$value"
        xmlns:edmx="http://docs.oasis-open.org/odata/ns/edmx">
        <edmx:Include Namespace="Org.OData.Aggregation.V1" Alias="Aggregation"/>
    </edmx:Reference>
    <edmx:Reference Uri="http://ingenxsrv:8001/sap/opu/odata/IWFND/CATALOGSERVICE;v=2/Vocabularies(TechnicalName='%2FIWBEP%2FVOC_PERSONALDATA',Version='0001',SAP__Origin='')/$value"
        xmlns:edmx="http://docs.oasis-open.org/odata/ns/edmx">
        <edmx:Include Namespace="com.sap.vocabularies.PersonalData.v1" Alias="PersonalData"/>
    </edmx:Reference>
    <edmx:DataServices m:DataServiceVersion="2.0">
        <Schema Namespace="NAUTI.BTP_NAUTICAL_TRANSACTIO_SRV" xml:lang="en" sap:schema-version="1"
            xmlns="http://schemas.microsoft.com/ado/2008/09/edm">
            <EntityType Name="Chartering" sap:content-version="1">
                <Key>
                    <PropertyRef Name="Chrnmin"/>
                </Key>
                <Property Name="Zdelete" Type="Edm.Boolean" Nullable="false" sap:unicode="false" sap:label="Indicator" sap:creatable="false" sap:updatable="false" sap:sortable="false" sap:filterable="false"/>
                <Property Name="Chrcdate" Type="Edm.DateTime" Precision="7" sap:unicode="false" sap:label="Creation Date" sap:creatable="false" sap:updatable="false" sap:sortable="false" sap:filterable="false"/>
                <Property Name="Chrqsdate" Type="Edm.DateTime" Precision="7" sap:unicode="false" sap:label="Bidding Start Date" sap:creatable="false" sap:updatable="false" sap:sortable="false" sap:filterable="false"/>
                <Property Name="Chrqedate" Type="Edm.DateTime" Precision="7" sap:unicode="false" sap:label="Bidding End Date" sap:creatable="false" sap:updatable="false" sap:sortable="false" sap:filterable="false"/>
                <Property Name="Chrqdate" Type="Edm.DateTime" Precision="7" sap:unicode="false" sap:label="Quot.Deadline Date" sap:creatable="false" sap:updatable="false" sap:sortable="false" sap:filterable="false"/>
                <Property Name="Chrexcr" Type="Edm.Decimal" Precision="14" Scale="0" sap:unicode="false" sap:label="Exch.Rate" sap:creatable="false" sap:updatable="false" sap:sortable="false" sap:filterable="false"/>
                <Property Name="Ciqty" Type="Edm.Decimal" Nullable="false" Precision="17" Scale="0" sap:unicode="false" sap:unit="Ciuom" sap:label="Quantity" sap:creatable="false" sap:updatable="false" sap:sortable="false" sap:filterable="false"/>
                <Property Name="Chrnmin" Type="Edm.String" Nullable="false" MaxLength="10" sap:unicode="false" sap:label="Chartering Req. No." sap:creatable="false" sap:updatable="false" sap:sortable="false" sap:filterable="false"/>
                <Property Name="Chrnmex" Type="Edm.String" Nullable="false" MaxLength="20" sap:unicode="false" sap:label="Charter Ext.No" sap:creatable="false" sap:updatable="false" sap:sortable="false" sap:filterable="false"/>
                <Property Name="Chrporg" Type="Edm.String" Nullable="false" MaxLength="4" sap:unicode="false" sap:label="Purchase Org" sap:creatable="false" sap:updatable="false" sap:sortable="false" sap:filterable="false"/>
                <Property Name="Chrporgn" Type="Edm.String" Nullable="false" MaxLength="40" sap:unicode="false" sap:label="Pur.Org.Name" sap:creatable="false" sap:updatable="false" sap:sortable="false" sap:filterable="false"/>
                <Property Name="Chrpgrp" Type="Edm.String" Nullable="false" MaxLength="3" sap:unicode="false" sap:label="Purchase Group" sap:creatable="false" sap:updatable="false" sap:sortable="false" sap:filterable="false"/>
                <Property Name="Chrpgrpn" Type="Edm.String" Nullable="false" MaxLength="30" sap:unicode="false" sap:label="Pur.Grp.Name" sap:creatable="false" sap:updatable="false" sap:sortable="false" sap:filterable="false"/>
                <Property Name="Chrpayt" Type="Edm.String" Nullable="false" MaxLength="4" sap:unicode="false" sap:label="Payment Terms" sap:creatable="false" sap:updatable="false" sap:sortable="false" sap:filterable="false"/>
                <Property Name="Chrpaytxt" Type="Edm.String" Nullable="false" MaxLength="30" sap:unicode="false" sap:label="Pay.term.dis" sap:creatable="false" sap:updatable="false" sap:sortable="false" sap:filterable="false"/>
                <Property Name="Chrinco" Type="Edm.String" Nullable="false" MaxLength="3" sap:unicode="false" sap:label="Inco Terms" sap:creatable="false" sap:updatable="false" sap:sortable="false" sap:filterable="false"/>
                <Property Name="Chrincodis" Type="Edm.String" Nullable="false" MaxLength="3" sap:unicode="false" sap:label="Chate incotrm di" sap:creatable="false" sap:updatable="false" sap:sortable="false" sap:filterable="false"/>
                <Property Name="Chrincol" Type="Edm.String" Nullable="false" MaxLength="70" sap:unicode="false" sap:label="Inco Location" sap:creatable="false" sap:updatable="false" sap:sortable="false" sap:filterable="false"/>
                <Property Name="Cimater" Type="Edm.String" Nullable="false" MaxLength="18" sap:unicode="false" sap:label="Mat." sap:creatable="false" sap:updatable="false" sap:sortable="false" sap:filterable="false"/>
                <Property Name="Cimatdes" Type="Edm.String" Nullable="false" MaxLength="40" sap:unicode="false" sap:label="Material Short Text" sap:creatable="false" sap:updatable="false" sap:sortable="false" sap:filterable="false"/>
                <Property Name="Ciuom" Type="Edm.String" Nullable="false" MaxLength="3" sap:unicode="false" sap:label="Unit of Measure" sap:creatable="false" sap:updatable="false" sap:sortable="false" sap:filterable="false" sap:semantics="unit-of-measure"/>
                <Property Name="Voyno" Type="Edm.String" Nullable="false" MaxLength="20" sap:unicode="false" sap:label="Voyage No" sap:creatable="false" sap:updatable="false" sap:sortable="false" sap:filterable="false"/>
                <Property Name="Voynm" Type="Edm.String" Nullable="false" MaxLength="40" sap:unicode="false" sap:label="Voyage name" sap:creatable="false" sap:updatable="false" sap:sortable="false" sap:filterable="false"/>
                <Property Name="Chrven" Type="Edm.String" Nullable="false" MaxLength="10" sap:unicode="false" sap:label="Vendor Code" sap:creatable="false" sap:updatable="false" sap:sortable="false" sap:filterable="false"/>
                <Property Name="Chrvenn" Type="Edm.String" Nullable="false" MaxLength="35" sap:unicode="false" sap:label="Vendor Name" sap:creatable="false" sap:updatable="false" sap:sortable="false" sap:filterable="false"/>
                <Property Name="Ciprec" Type="Edm.String" Nullable="false" MaxLength="5" sap:unicode="false" sap:label="Freight Currency" sap:creatable="false" sap:updatable="false" sap:sortable="false" sap:filterable="false" sap:semantics="currency-code"/>
                <Property Name="RefChrnmin" Type="Edm.String" Nullable="false" MaxLength="10" sap:unicode="false" sap:label="Reference Chartering" sap:creatable="false" sap:updatable="false" sap:sortable="false" sap:filterable="false"/>
                <Property Name="Chrctime" Type="Edm.Time" Precision="0" sap:unicode="false" sap:label="Creation Time" sap:creatable="false" sap:updatable="false" sap:sortable="false" sap:filterable="false"/>
                <Property Name="Chrqstime" Type="Edm.Time" Precision="0" sap:unicode="false" sap:label="Bidding Start Time" sap:creatable="false" sap:updatable="false" sap:sortable="false" sap:filterable="false"/>
                <Property Name="Chrqetime" Type="Edm.Time" Precision="0" sap:unicode="false" sap:label="Bidding End Time" sap:creatable="false" sap:updatable="false" sap:sortable="false" sap:filterable="false"/>
            </EntityType>
            <EntityType Name="xNAUTIxBIDDINGHISTORYREPORTType" sap:label="Bidding History Report" sap:content-version="1">
                <Key>
                    <PropertyRef Name="Creqno"/>
                    <PropertyRef Name="Chrnmin"/>
                    <PropertyRef Name="Zlevel"/>
                    <PropertyRef Name="Uname"/>
                </Key>
                <Property Name="Creqno" Type="Edm.String" Nullable="false" MaxLength="10" sap:display-format="UpperCase" sap:label="Chartering Approval" sap:quickinfo="Chartering Approval Request Number"/>
                <Property Name="Chrnmin" Type="Edm.String" Nullable="false" MaxLength="10" sap:display-format="UpperCase" sap:label="Chartering Req. No." sap:quickinfo="Charter No"/>
                <Property Name="Zlevel" Type="Edm.String" Nullable="false" MaxLength="2" sap:display-format="UpperCase" sap:label="Approver Level"/>
                <Property Name="Uname" Type="Edm.String" Nullable="false" MaxLength="12" sap:display-format="UpperCase" sap:label="User Name"/>
                <Property Name="Zcomm" Type="Edm.String" MaxLength="250" sap:display-format="UpperCase" sap:label="Comments"/>
                <Property Name="Zaction" Type="Edm.String" MaxLength="4" sap:display-format="UpperCase" sap:label="Action Taken"/>
                <Property Name="Zemail" Type="Edm.String" MaxLength="241" sap:label="E-Mail Address"/>
                <NavigationProperty Name="toitem1" Relationship="NAUTI.BTP_NAUTICAL_TRANSACTIO_SRV.assoc_688303AE2B5A93FACD114C7FBF30D0E0" FromRole="FromRole_assoc_688303AE2B5A93FACD114C7FBF30D0E0" ToRole="ToRole_assoc_688303AE2B5A93FACD114C7FBF30D0E0"/>
                <NavigationProperty Name="toitem2" Relationship="NAUTI.BTP_NAUTICAL_TRANSACTIO_SRV.assoc_15DE2C3564A21ED9D16A8C057125B299" FromRole="FromRole_assoc_15DE2C3564A21ED9D16A8C057125B299" ToRole="ToRole_assoc_15DE2C3564A21ED9D16A8C057125B299"/>
            </EntityType>
            <EntityType Name="xNAUTIxBIDITEMType" sap:label="Bid Item" sap:content-version="1">
                <Key>
                    <PropertyRef Name="Voyno"/>
                    <PropertyRef Name="Zcode"/>
                    <PropertyRef Name="Value"/>
                    <PropertyRef Name="Cvalue"/>
                </Key>
                <Property Name="Voyno" Type="Edm.String" Nullable="false" MaxLength="20" sap:display-format="UpperCase" sap:label="Voyage No" sap:quickinfo="Voyage Number"/>
                <Property Name="Zcode" Type="Edm.String" Nullable="false" MaxLength="12" sap:display-format="UpperCase" sap:label="Code"/>
                <Property Name="Value" Type="Edm.String" Nullable="false" MaxLength="50" sap:display-format="UpperCase" sap:label="Value"/>
                <Property Name="Cvalue" Type="Edm.Decimal" Nullable="false" Precision="14" Scale="3" sap:label="Revaluation" sap:quickinfo="Revaluation amount on back-posting to a previous period"/>
                <Property Name="Cunit" Type="Edm.String" MaxLength="5" sap:label="Currency" sap:quickinfo="Currency Key" sap:semantics="currency-code"/>
                <Property Name="CodeDesc" Type="Edm.String" MaxLength="50" sap:display-format="UpperCase" sap:label="Code Description"/>
                <Property Name="RevBid" Type="Edm.Boolean" sap:display-format="UpperCase" sap:label="Revelant for Bidding"/>
                <Property Name="Good" Type="Edm.String" MaxLength="1" sap:display-format="UpperCase" sap:label="Good To Have"/>
                <Property Name="Mand" Type="Edm.String" MaxLength="1" sap:display-format="UpperCase" sap:label="Active/Inactive"/>
                <Property Name="Must" Type="Edm.String" MaxLength="1" sap:display-format="UpperCase" sap:label="Must Not Have"/>
                <Property Name="Zmin" Type="Edm.Decimal" Precision="3" Scale="0" sap:label="Minimum Score"/>
                <Property Name="Zmax" Type="Edm.Decimal" Precision="3" Scale="0" sap:label="Maximum Score"/>
            </EntityType>
            <EntityType Name="xNAUTIxCHARTERINGType" sap:label="Chartering" sap:content-version="1">
                <Key>
                    <PropertyRef Name="Chrnmin"/>
                </Key>
                <Property Name="Chrnmin" Type="Edm.String" Nullable="false" MaxLength="10" sap:display-format="UpperCase" sap:label="Chartering Req. No." sap:quickinfo="Charter No"/>
                <Property Name="Chrnmex" Type="Edm.String" MaxLength="20" sap:display-format="UpperCase" sap:label="Charter Ext.No"/>
                <Property Name="Chrcdate" Type="Edm.DateTime" Precision="0" sap:display-format="Date" sap:label="Creation Date" sap:quickinfo="Charter Request Creation Date"/>
                <Property Name="Chrctime" Type="Edm.Time" Precision="0" sap:label="Creation Time" sap:quickinfo="Charter Request Creation Time"/>
                <Property Name="Chrqsdate" Type="Edm.DateTime" Precision="0" sap:display-format="Date" sap:label="Bidding Start Date"/>
                <Property Name="Chrqstime" Type="Edm.Time" Precision="0" sap:label="Bidding Start Time"/>
                <Property Name="Chrqedate" Type="Edm.DateTime" Precision="0" sap:display-format="Date" sap:label="Bidding End Date"/>
                <Property Name="Chrqetime" Type="Edm.Time" Precision="0" sap:label="Bidding End Time"/>
                <Property Name="Chrqdate" Type="Edm.DateTime" Precision="0" sap:display-format="Date" sap:label="Quot.Deadline Date" sap:quickinfo="Charter Quatation Deadline date"/>
                <Property Name="Chrporg" Type="Edm.String" MaxLength="4" sap:display-format="UpperCase" sap:label="Purchase Org" sap:quickinfo="Charter Purchase Organization"/>
                <Property Name="Chrporgn" Type="Edm.String" MaxLength="40" sap:display-format="UpperCase" sap:label="Pur.Org.Name" sap:quickinfo="Charter Purchase Organization name"/>
                <Property Name="Chrpgrp" Type="Edm.String" MaxLength="3" sap:display-format="UpperCase" sap:label="Purchase Group" sap:quickinfo="Charter Purchase Group"/>
                <Property Name="Chrpgrpn" Type="Edm.String" MaxLength="30" sap:display-format="UpperCase" sap:label="Pur.Grp.Name" sap:quickinfo="Charter Purchase Group Name"/>
                <Property Name="Chrexcr" Type="Edm.Decimal" Precision="14" Scale="0" sap:label="Exch.Rate" sap:quickinfo="Exhange Rate"/>
                <Property Name="Chrpayt" Type="Edm.String" MaxLength="4" sap:display-format="UpperCase" sap:label="Payment Terms"/>
                <Property Name="Chrpaytxt" Type="Edm.String" MaxLength="30" sap:display-format="UpperCase" sap:label="Pay.term.dis" sap:quickinfo="Chartering payterms description"/>
                <Property Name="Chrinco" Type="Edm.String" MaxLength="3" sap:display-format="UpperCase" sap:label="Inco Terms"/>
                <Property Name="Chrincodis" Type="Edm.String" MaxLength="3" sap:display-format="UpperCase" sap:label="Chate.Incotrm.dis" sap:quickinfo="Chartering inco terms description"/>
                <Property Name="Chrincol" Type="Edm.String" MaxLength="70" sap:display-format="UpperCase" sap:label="Inco Location" sap:quickinfo="Incoterms Location"/>
                <Property Name="Cimater" Type="Edm.String" MaxLength="18" sap:display-format="UpperCase" sap:label="Mat." sap:quickinfo="Material"/>
                <Property Name="Cimatdes" Type="Edm.String" MaxLength="40" sap:display-format="UpperCase" sap:label="Material Short Text"/>
                <Property Name="Ciqty" Type="Edm.Decimal" Precision="17" Scale="0" sap:unit="Ciuom" sap:label="Quantity"/>
                <Property Name="Ciuom" Type="Edm.String" MaxLength="3" sap:label="Unit of Measure" sap:semantics="unit-of-measure"/>
                <Property Name="Voyno" Type="Edm.String" MaxLength="20" sap:display-format="UpperCase" sap:label="Voyage No" sap:quickinfo="Voyage Number"/>
                <Property Name="Voynm" Type="Edm.String" MaxLength="20" sap:label="Voyage name" sap:quickinfo="Voyage Name"/>
                <Property Name="Chrven" Type="Edm.String" MaxLength="10" sap:display-format="UpperCase" sap:label="Vendor Code"/>
                <Property Name="Chrvenn" Type="Edm.String" MaxLength="35" sap:display-format="UpperCase" sap:label="Vendor Name"/>
                <Property Name="Ciprec" Type="Edm.String" MaxLength="5" sap:label="Freight Currency" sap:semantics="currency-code"/>
                <Property Name="Zdelete" Type="Edm.Boolean" sap:display-format="UpperCase" sap:label="Indicator" sap:quickinfo="General Flag"/>
                <Property Name="RefChrnmin" Type="Edm.String" MaxLength="10" sap:display-format="UpperCase" sap:label="Reference Chartering" sap:quickinfo="Reference Chartering No."/>
            </EntityType>
            <EntityType Name="xNAUTIxCharteringHeaderItemType" sap:label="association on Charetering" sap:content-version="1">
                <Key>
                    <PropertyRef Name="Chrnmin"/>
                </Key>
                <Property Name="Chrnmin" Type="Edm.String" Nullable="false" MaxLength="10" sap:display-format="UpperCase" sap:label="Chartering Req. No." sap:quickinfo="Charter No"/>
                <Property Name="Chrnmex" Type="Edm.String" MaxLength="20" sap:display-format="UpperCase" sap:label="Charter Ext.No"/>
                <Property Name="Chrcdate" Type="Edm.DateTime" Precision="0" sap:display-format="Date" sap:label="Creation Date" sap:quickinfo="Charter Request Creation Date"/>
                <Property Name="Chrctime" Type="Edm.Time" Precision="0" sap:label="Creation Time" sap:quickinfo="Charter Request Creation Time"/>
                <Property Name="Chrqsdate" Type="Edm.DateTime" Precision="0" sap:display-format="Date" sap:label="Bidding Start Date"/>
                <Property Name="Chrqstime" Type="Edm.Time" Precision="0" sap:label="Bidding Start Time"/>
                <Property Name="Chrqedate" Type="Edm.DateTime" Precision="0" sap:display-format="Date" sap:label="Bidding End Date"/>
                <Property Name="Chrqetime" Type="Edm.Time" Precision="0" sap:label="Bidding End Time"/>
                <Property Name="Chrqdate" Type="Edm.DateTime" Precision="0" sap:display-format="Date" sap:label="Quot.Deadline Date" sap:quickinfo="Charter Quatation Deadline date"/>
                <Property Name="Chrporg" Type="Edm.String" MaxLength="4" sap:display-format="UpperCase" sap:label="Purchase Org" sap:quickinfo="Charter Purchase Organization"/>
                <Property Name="Chrporgn" Type="Edm.String" MaxLength="40" sap:display-format="UpperCase" sap:label="Pur.Org.Name" sap:quickinfo="Charter Purchase Organization name"/>
                <Property Name="Chrpgrp" Type="Edm.String" MaxLength="3" sap:display-format="UpperCase" sap:label="Purchase Group" sap:quickinfo="Charter Purchase Group"/>
                <Property Name="Chrpgrpn" Type="Edm.String" MaxLength="30" sap:display-format="UpperCase" sap:label="Pur.Grp.Name" sap:quickinfo="Charter Purchase Group Name"/>
                <Property Name="Chrexcr" Type="Edm.Decimal" Precision="14" Scale="0" sap:label="Exch.Rate" sap:quickinfo="Exhange Rate"/>
                <Property Name="Chrpayt" Type="Edm.String" MaxLength="4" sap:display-format="UpperCase" sap:label="Payment Terms"/>
                <Property Name="Chrpaytxt" Type="Edm.String" MaxLength="30" sap:display-format="UpperCase" sap:label="Pay.term.dis" sap:quickinfo="Chartering payterms description"/>
                <Property Name="Chrinco" Type="Edm.String" MaxLength="3" sap:display-format="UpperCase" sap:label="Inco Terms"/>
                <Property Name="Chrincodis" Type="Edm.String" MaxLength="3" sap:display-format="UpperCase" sap:label="Chate.Incotrm.dis" sap:quickinfo="Chartering inco terms description"/>
                <Property Name="Chrincol" Type="Edm.String" MaxLength="70" sap:display-format="UpperCase" sap:label="Inco Location" sap:quickinfo="Incoterms Location"/>
                <Property Name="Cimater" Type="Edm.String" MaxLength="18" sap:display-format="UpperCase" sap:label="Mat." sap:quickinfo="Material"/>
                <Property Name="Cimatdes" Type="Edm.String" MaxLength="40" sap:display-format="UpperCase" sap:label="Material Short Text"/>
                <Property Name="Ciqty" Type="Edm.Decimal" Precision="17" Scale="0" sap:unit="Ciuom" sap:label="Quantity"/>
                <Property Name="Ciuom" Type="Edm.String" MaxLength="3" sap:label="Unit of Measure" sap:semantics="unit-of-measure"/>
                <Property Name="Voyno" Type="Edm.String" MaxLength="20" sap:display-format="UpperCase" sap:label="Voyage No" sap:quickinfo="Voyage Number"/>
                <Property Name="Voynm" Type="Edm.String" MaxLength="20" sap:label="Voyage name" sap:quickinfo="Voyage Name"/>
                <Property Name="Chrven" Type="Edm.String" MaxLength="10" sap:display-format="UpperCase" sap:label="Vendor Code"/>
                <Property Name="Chrvenn" Type="Edm.String" MaxLength="35" sap:display-format="UpperCase" sap:label="Vendor Name"/>
                <Property Name="Ciprec" Type="Edm.String" MaxLength="5" sap:label="Freight Currency" sap:semantics="currency-code"/>
                <Property Name="Zdelete" Type="Edm.Boolean" sap:display-format="UpperCase" sap:label="Indicator" sap:quickinfo="General Flag"/>
                <Property Name="RefChrnmin" Type="Edm.String" MaxLength="10" sap:display-format="UpperCase" sap:label="Reference Chartering" sap:quickinfo="Reference Chartering No."/>
                <NavigationProperty Name="tocharteringasso" Relationship="NAUTI.BTP_NAUTICAL_TRANSACTIO_SRV.assoc_052323BC3B7A6CFE6B68E4F06860948D" FromRole="FromRole_assoc_052323BC3B7A6CFE6B68E4F06860948D" ToRole="ToRole_assoc_052323BC3B7A6CFE6B68E4F06860948D"/>
                <NavigationProperty Name="tovendor" Relationship="NAUTI.BTP_NAUTICAL_TRANSACTIO_SRV.assoc_6D9BD14E9661496A3CFDD20FD22245DD" FromRole="FromRole_assoc_6D9BD14E9661496A3CFDD20FD22245DD" ToRole="ToRole_assoc_6D9BD14E9661496A3CFDD20FD22245DD"/>
            </EntityType>
            <EntityType Name="xNAUTIxCHARTPURCHASEITEMType" sap:label="Chartering Purchase Group" sap:content-version="1">
                <Key>
                    <PropertyRef Name="Ekorg"/>
                </Key>
                <Property Name="Ekorg" Type="Edm.String" Nullable="false" MaxLength="4" sap:display-format="UpperCase" sap:label="Pur.Org.Name" sap:quickinfo="purchase organization"/>
                <Property Name="Ekotx" Type="Edm.String" MaxLength="20" sap:display-format="UpperCase" sap:label="Pur.Org.Discription" sap:quickinfo="Discription of purchasing organization"/>
                <NavigationProperty Name="topaymentterm" Relationship="NAUTI.BTP_NAUTICAL_TRANSACTIO_SRV.assoc_C8CA29C68CB5E57DC38995A500381CA3" FromRole="FromRole_assoc_C8CA29C68CB5E57DC38995A500381CA3" ToRole="ToRole_assoc_C8CA29C68CB5E57DC38995A500381CA3"/>
                <NavigationProperty Name="topurchasegroup" Relationship="NAUTI.BTP_NAUTICAL_TRANSACTIO_SRV.assoc_B7D3BEF385F9FA6B48FF3207AF99B65D" FromRole="FromRole_assoc_B7D3BEF385F9FA6B48FF3207AF99B65D" ToRole="ToRole_assoc_B7D3BEF385F9FA6B48FF3207AF99B65D"/>
            </EntityType>
            <EntityType Name="xNAUTIxCOSTCHARGESType" sap:label="Cost Charges" sap:content-version="1">
                <Key>
                    <PropertyRef Name="Voyno"/>
                    <PropertyRef Name="Vlegn"/>
                    <PropertyRef Name="Costcode"/>
                </Key>
                <Property Name="Voyno" Type="Edm.String" Nullable="false" MaxLength="20" sap:display-format="UpperCase" sap:label="Voyage No" sap:quickinfo="Voyage Number"/>
                <Property Name="Vlegn" Type="Edm.Int32" Nullable="false"/>
                <Property Name="Costcode" Type="Edm.String" Nullable="false" MaxLength="4" sap:display-format="UpperCase" sap:label="Cost.Code" sap:quickinfo="Cost Code"/>
                <Property Name="Costu" Type="Edm.String" MaxLength="10" sap:display-format="UpperCase" sap:label="Cost Unit"/>
                <Property Name="Prcunit" Type="Edm.String" MaxLength="3" sap:display-format="UpperCase" sap:label="Price Unit"/>
                <Property Name="Procost" Type="Edm.Decimal" Precision="16" Scale="3" sap:unit="Costcurr" sap:label="Projection cost" sap:quickinfo="Projection Cost"/>
                <Property Name="Costcurr" Type="Edm.String" MaxLength="5" sap:label="Cost.C.Currency" sap:quickinfo="Cost Code Currency" sap:semantics="currency-code"/>
                <Property Name="Cstcodes" Type="Edm.String" MaxLength="35" sap:display-format="UpperCase" sap:label="Cost.Code.Des" sap:quickinfo="Cost Code Description"/>
                <Property Name="CostCheck" Type="Edm.Boolean" sap:display-format="UpperCase" sap:label="Relevant For Bidding"/>
            </EntityType>
            <EntityType Name="xNAUTIxLIVEFRIEGHTREPORTType" sap:label="contract live frieght report" sap:content-version="1">
                <Key>
                    <PropertyRef Name="Creqno"/>
                    <PropertyRef Name="Chrnmin"/>
                    <PropertyRef Name="Zlevel"/>
                    <PropertyRef Name="Uname"/>
                </Key>
                <Property Name="Creqno" Type="Edm.String" Nullable="false" MaxLength="10" sap:display-format="UpperCase" sap:label="Chartering Approval" sap:quickinfo="Chartering Approval Request Number"/>
                <Property Name="Chrnmin" Type="Edm.String" Nullable="false" MaxLength="10" sap:display-format="UpperCase" sap:label="Chartering Req. No." sap:quickinfo="Charter No"/>
                <Property Name="Zlevel" Type="Edm.String" Nullable="false" MaxLength="2" sap:display-format="UpperCase" sap:label="Approver Level"/>
                <Property Name="Uname" Type="Edm.String" Nullable="false" MaxLength="12" sap:display-format="UpperCase" sap:label="User Name"/>
                <Property Name="Zdate" Type="Edm.DateTime" Precision="0" sap:display-format="Date" sap:label="Date"/>
                <Property Name="Ztime" Type="Edm.Time" Precision="0" sap:label="Time"/>
                <Property Name="Zcomm" Type="Edm.String" MaxLength="250" sap:display-format="UpperCase" sap:label="Comments"/>
                <Property Name="Zaction" Type="Edm.String" MaxLength="4" sap:display-format="UpperCase" sap:label="Action Taken"/>
                <Property Name="Zemail" Type="Edm.String" MaxLength="241" sap:label="E-Mail Address"/>
                <NavigationProperty Name="toitem1" Relationship="NAUTI.BTP_NAUTICAL_TRANSACTIO_SRV.assoc_CC3E8019F5763880DD8467E4A10F4474" FromRole="FromRole_assoc_CC3E8019F5763880DD8467E4A10F4474" ToRole="ToRole_assoc_CC3E8019F5763880DD8467E4A10F4474"/>
                <NavigationProperty Name="toitem2" Relationship="NAUTI.BTP_NAUTICAL_TRANSACTIO_SRV.assoc_0651E102B1AEDC10C2D1877D9C24F80E" FromRole="FromRole_assoc_0651E102B1AEDC10C2D1877D9C24F80E" ToRole="ToRole_assoc_0651E102B1AEDC10C2D1877D9C24F80E"/>
            </EntityType>
            <EntityType Name="xNAUTIxNAVOYGType" sap:label="cds view for /nauti/navoygh" sap:content-version="1">
                <Key>
                    <PropertyRef Name="Voyno"/>
                </Key>
                <Property Name="Voyno" Type="Edm.String" Nullable="false" MaxLength="20" sap:display-format="UpperCase" sap:label="Voyage No" sap:quickinfo="Voyage Number"/>
                <Property Name="Voynm" Type="Edm.String" MaxLength="20" sap:label="Voyage name" sap:quickinfo="Voyage Name"/>
                <Property Name="Vnomtk" Type="Edm.String" MaxLength="20" sap:display-format="UpperCase" sap:label="Nomination no" sap:quickinfo="Nautical being used for Is-OIL"/>
                <Property Name="Refdoc" Type="Edm.String" MaxLength="10" sap:label="Refrence Doc" sap:quickinfo=" Nautical being used for S4H or other non Oil Modules"/>
                <Property Name="Docind" Type="Edm.String" MaxLength="1" sap:display-format="UpperCase" sap:label="Ref Doc .ind" sap:quickinfo="Reference document indicator (PSX)"/>
                <Property Name="Vessn" Type="Edm.String" MaxLength="20" sap:label="Vessel name" sap:quickinfo="Vessel Name"/>
                <Property Name="Vimo" Type="Edm.String" MaxLength="20" sap:display-format="UpperCase" sap:label="Vessel IMO no" sap:quickinfo="Vessel IMO Number - Unique"/>
                <Property Name="Chtyp" Type="Edm.String" MaxLength="5" sap:display-format="UpperCase" sap:label="Charter Type" sap:quickinfo="SPOT/Time Charter"/>
                <Property Name="Chpno" Type="Edm.String" MaxLength="10" sap:display-format="UpperCase" sap:label="Charter Party Agree" sap:quickinfo="Freight Contract"/>
                <Property Name="Currkeys" Type="Edm.String" MaxLength="5" sap:label="Freight charges" sap:quickinfo="Currency key" sap:semantics="currency-code"/>
                <Property Name="Frtco" Type="Edm.Decimal" Precision="14" Scale="3" sap:unit="Currkeys" sap:label="Freight Cost" sap:quickinfo="Freight Cost for the Voyage"/>
                <Property Name="Vstat" Type="Edm.String" MaxLength="5" sap:display-format="UpperCase" sap:label="Voyage Status" sap:quickinfo="Not Started, Ballast, Port, EnRoute, Anchorage, Completed"/>
                <Property Name="Voyty" Type="Edm.String" MaxLength="4" sap:display-format="UpperCase" sap:label="Voyage Type"/>
                <Property Name="Carty" Type="Edm.String" MaxLength="4" sap:display-format="UpperCase" sap:label="Vessel Type"/>
                <Property Name="Curr" Type="Edm.String" MaxLength="3" sap:display-format="UpperCase" sap:label="Currency"/>
                <Property Name="Freght" Type="Edm.Decimal" Precision="12" Scale="3" sap:unit="Currkeys" sap:label="Freight cost"/>
                <Property Name="Party" Type="Edm.String" MaxLength="10" sap:display-format="UpperCase" sap:label="Charter Party Agreem" sap:quickinfo="Charter Party Agreement"/>
                <Property Name="Bidtype" Type="Edm.String" MaxLength="2" sap:display-format="UpperCase" sap:label="" sap:quickinfo="Bid Type"/>
                <Property Name="Frcost" Type="Edm.Decimal" Precision="17" Scale="5" sap:unit="Currkeys" sap:label="Freight Cost"/>
                <Property Name="Frtu" Type="Edm.String" MaxLength="10" sap:display-format="UpperCase" sap:label="Freight Unit"/>
                <Property Name="FrcostAct" Type="Edm.Decimal" Precision="17" Scale="5" sap:unit="Currkeys" sap:label="Actual Freight Cost"/>
                <Property Name="FrtuAct" Type="Edm.String" MaxLength="10" sap:display-format="UpperCase" sap:label="Actual Freight Unit"/>
                <Property Name="Zdelete" Type="Edm.Boolean" sap:display-format="UpperCase" sap:label="Indicator" sap:quickinfo="General Flag"/>
                <Property Name="RefVoyno" Type="Edm.String" MaxLength="20" sap:display-format="UpperCase" sap:label="Refrence Voyage No."/>
            </EntityType>
            <EntityType Name="xNAUTIxNAVOYGCTType" sap:label="cds view for /nauti/navoygcit" sap:content-version="1">
                <Key>
                    <PropertyRef Name="Voyno"/>
                </Key>
                <Property Name="Voyno" Type="Edm.String" Nullable="false" MaxLength="20" sap:display-format="UpperCase" sap:label="Voyage No" sap:quickinfo="Voyage Number"/>
                <Property Name="Vlegn" Type="Edm.Int32"/>
                <Property Name="Costcode" Type="Edm.String" MaxLength="4" sap:display-format="UpperCase" sap:label="Cost.Code" sap:quickinfo="Cost Code"/>
                <Property Name="Costu" Type="Edm.String" MaxLength="10" sap:display-format="UpperCase" sap:label="Cost Unit"/>
                <Property Name="Prcunit" Type="Edm.String" MaxLength="3" sap:display-format="UpperCase" sap:label="Price Unit"/>
                <Property Name="Procost" Type="Edm.Decimal" Precision="16" Scale="3" sap:unit="Costcurr" sap:label="Projection cost" sap:quickinfo="Projection Cost"/>
                <Property Name="Costcurr" Type="Edm.String" MaxLength="5" sap:label="Cost.C.Currency" sap:quickinfo="Cost Code Currency" sap:semantics="currency-code"/>
                <Property Name="Cstcodes" Type="Edm.String" MaxLength="35" sap:display-format="UpperCase" sap:label="Cost.Code.Des" sap:quickinfo="Cost Code Description"/>
                <Property Name="CostCheck" Type="Edm.Boolean" sap:display-format="UpperCase" sap:label="Relevant For Bidding"/>
            </EntityType>
            <EntityType Name="xNAUTIxNAVYGIPType" sap:label="cds view for /nauti/navoygip" sap:content-version="1">
                <Key>
                    <PropertyRef Name="Voyno"/>
                    <PropertyRef Name="Vlegn"/>
                </Key>
                <Property Name="Voyno" Type="Edm.String" Nullable="false" MaxLength="20" sap:display-format="UpperCase" sap:label="Voyage No" sap:quickinfo="Voyage Number"/>
                <Property Name="Vlegn" Type="Edm.Int32" Nullable="false"/>
                <Property Name="Portc" Type="Edm.String" MaxLength="10" sap:display-format="UpperCase" sap:label="Port Code" sap:quickinfo="Unified Port Code - Unique"/>
                <Property Name="Portn" Type="Edm.String" MaxLength="25" sap:label="Port Name"/>
                <Property Name="Pdist" Type="Edm.Decimal" Precision="13" Scale="3" sap:label="Distance" sap:quickinfo="The Post Master Fetched Using External API"/>
                <Property Name="Medst" Type="Edm.String" MaxLength="3" sap:label="Distance UoM" sap:quickinfo="Distance Unit of Measure" sap:semantics="unit-of-measure"/>
                <Property Name="Vspeed" Type="Edm.Decimal" Precision="17" Scale="3" sap:label="Speed" sap:quickinfo="The Speed From Vessel Master/Manual Input"/>
                <Property Name="Ppdays" Type="Edm.Decimal" Precision="6" Scale="3" sap:label="Port Days" sap:quickinfo="Propsed From Historic Data/Manual Input"/>
                <Property Name="Vsdays" Type="Edm.Decimal" Precision="7" Scale="3" sap:label="Sea Days" sap:quickinfo="Proposed From Historic Data/Manual Input"/>
                <Property Name="Vetad" Type="Edm.DateTime" Precision="0" sap:display-format="Date" sap:label="ETA" sap:quickinfo="Calculated Based on ETA"/>
                <Property Name="Vetat" Type="Edm.Time" Precision="0" sap:label="Time" sap:quickinfo="Calculated Based On ETD"/>
                <Property Name="Vetdd" Type="Edm.DateTime" Precision="0" sap:display-format="Date" sap:label="ETD" sap:quickinfo="Manual Entry"/>
                <Property Name="Vetdt" Type="Edm.Time" Precision="0" sap:label="Time" sap:quickinfo="Voyage Acutal Time"/>
                <Property Name="Vwead" Type="Edm.String" MaxLength="10" sap:display-format="UpperCase" sap:label="Weather Delay .Sea" sap:quickinfo="Caluclated from Weather Service else Manual Entry"/>
                <Property Name="Pstat" Type="Edm.String" MaxLength="5" sap:display-format="UpperCase" sap:label="Status" sap:quickinfo="In Planning, Vetting In Progress, Vetting Complted"/>
                <Property Name="Matnr" Type="Edm.String" MaxLength="40" sap:display-format="UpperCase" sap:label="Material" sap:quickinfo="Material Number"/>
                <Property Name="Maktx" Type="Edm.String" MaxLength="40" sap:label="Material description"/>
                <Property Name="Cargs" Type="Edm.Decimal" Precision="12" Scale="0" sap:label="Cargo size"/>
                <Property Name="Cargu" Type="Edm.String" MaxLength="3" sap:label="Base Unit of Measure" sap:semantics="unit-of-measure"/>
                <Property Name="Othco" Type="Edm.Decimal" Precision="24" Scale="3" sap:label="Total Cost"/>
                <Property Name="Frcost" Type="Edm.Decimal" Precision="24" Scale="3" sap:label="Total Cost"/>
                <Property Name="Totco" Type="Edm.Decimal" Precision="24" Scale="3" sap:label="Total Cost"/>
            </EntityType>
            <EntityType Name="xNAUTIxpaymTermType" sap:label="Transactional payment term" sap:content-version="1">
                <Key>
                    <PropertyRef Name="Paytrm"/>
                </Key>
                <Property Name="Paytrm" Type="Edm.String" Nullable="false" MaxLength="4" sap:display-format="UpperCase" sap:label="Payment term key" sap:quickinfo="Terms of payment key"/>
                <Property Name="Paytrmtxt" Type="Edm.String" MaxLength="30" sap:display-format="UpperCase" sap:label="Payment disc" sap:quickinfo="Description of terms of payment"/>
            </EntityType>
            <EntityType Name="xNAUTIxpurchGroupType" sap:label="transactional purchase group" sap:content-version="1">
                <Key>
                    <PropertyRef Name="Ekgrp"/>
                </Key>
                <Property Name="Ekgrp" Type="Edm.String" Nullable="false" MaxLength="3" sap:display-format="UpperCase" sap:label="Purchasing Group"/>
                <Property Name="Eknam" Type="Edm.String" MaxLength="18" sap:label="Description p. group" sap:quickinfo="Description of purchasing group"/>
            </EntityType>
            <EntityType Name="xNAUTIxRFQCHARTERINGType" sap:label="SubmitQuotation Chartering" sap:content-version="1">
                <Key>
                    <PropertyRef Name="Voyno"/>
                </Key>
                <Property Name="Voyno" Type="Edm.String" Nullable="false" MaxLength="20" sap:display-format="UpperCase" sap:label="Voyage No" sap:quickinfo="Voyage Number"/>
                <Property Name="Lifnr" Type="Edm.String" MaxLength="10" sap:display-format="UpperCase" sap:label="Vendor" sap:quickinfo="Account Number of Vendor or Creditor"/>
                <Property Name="Zcode" Type="Edm.String" MaxLength="12" sap:display-format="UpperCase" sap:label="Code"/>
                <Property Name="Biddate" Type="Edm.DateTime" Precision="0" sap:display-format="Date" sap:label="Bid Date"/>
                <Property Name="Bidtime" Type="Edm.Time" Precision="0" sap:label="Bid Time"/>
                <Property Name="Chrnmin" Type="Edm.String" MaxLength="10" sap:display-format="UpperCase" sap:label="Chartering Req. No." sap:quickinfo="Charter No"/>
                <Property Name="CodeDesc" Type="Edm.String" MaxLength="50" sap:display-format="UpperCase" sap:label="Code Description"/>
                <Property Name="Value" Type="Edm.String" MaxLength="50" sap:display-format="UpperCase" sap:label="Value"/>
                <Property Name="Cvalue" Type="Edm.Decimal" Precision="14" Scale="3" sap:label="Revaluation" sap:quickinfo="Revaluation amount on back-posting to a previous period"/>
                <Property Name="Cunit" Type="Edm.String" MaxLength="5" sap:label="Currency" sap:quickinfo="Currency Key" sap:semantics="currency-code"/>
                <Property Name="Chrqsdate" Type="Edm.DateTime" Precision="0" sap:display-format="Date" sap:label="Bidding Start Date"/>
                <Property Name="Chrqstime" Type="Edm.Time" Precision="0" sap:label="Bidding Start Time"/>
                <Property Name="Chrqedate" Type="Edm.DateTime" Precision="0" sap:display-format="Date" sap:label="Bidding End Date"/>
                <Property Name="Chrqetime" Type="Edm.Time" Precision="0" sap:label="Bidding End Time"/>
                <Property Name="DoneBy" Type="Edm.Boolean" sap:display-format="UpperCase" sap:label="Done by Vendor ?"/>
                <Property Name="Uname" Type="Edm.String" MaxLength="12" sap:display-format="UpperCase" sap:label="Created by"/>
                <Property Name="Stat" Type="Edm.String" MaxLength="4" sap:display-format="UpperCase" sap:label="Status"/>
                <Property Name="Zmode" Type="Edm.String" MaxLength="4" sap:display-format="UpperCase" sap:label="Type (Auto/manual)"/>
                <Property Name="Zcom" Type="Edm.String" MaxLength="250" sap:display-format="UpperCase" sap:label="Comments"/>
                <Property Name="currentdate" Type="Edm.DateTime" Precision="0" sap:display-format="Date"/>
                <Property Name="currenttime" Type="Edm.Time" Precision="0"/>
                <NavigationProperty Name="toassociation1" Relationship="NAUTI.BTP_NAUTICAL_TRANSACTIO_SRV.assoc_44EEF35F0979C441DF710799ED52F854" FromRole="FromRole_assoc_44EEF35F0979C441DF710799ED52F854" ToRole="ToRole_assoc_44EEF35F0979C441DF710799ED52F854"/>
                <NavigationProperty Name="toassociation2" Relationship="NAUTI.BTP_NAUTICAL_TRANSACTIO_SRV.assoc_7B2571977F753E239DAB974A66773A51" FromRole="FromRole_assoc_7B2571977F753E239DAB974A66773A51" ToRole="ToRole_assoc_7B2571977F753E239DAB974A66773A51"/>
                <NavigationProperty Name="toassociation3" Relationship="NAUTI.BTP_NAUTICAL_TRANSACTIO_SRV.assoc_521C3427DEFB72C10A81D0BB257840AD" FromRole="FromRole_assoc_521C3427DEFB72C10A81D0BB257840AD" ToRole="ToRole_assoc_521C3427DEFB72C10A81D0BB257840AD"/>
                <NavigationProperty Name="toassociation4" Relationship="NAUTI.BTP_NAUTICAL_TRANSACTIO_SRV.assoc_1CE5CCE6D5CC39C12147FE145303CC66" FromRole="FromRole_assoc_1CE5CCE6D5CC39C12147FE145303CC66" ToRole="ToRole_assoc_1CE5CCE6D5CC39C12147FE145303CC66"/>
            </EntityType>
            <EntityType Name="xNAUTIxRFQPORTALType" sap:label="cds view for rfq portal" sap:content-version="1">
                <Key>
                    <PropertyRef Name="Lifnr"/>
                </Key>
                <Property Name="Lifnr" Type="Edm.String" Nullable="false" MaxLength="10" sap:display-format="UpperCase" sap:label="Vendor" sap:quickinfo="Account Number of Vendor or Creditor"/>
                <Property Name="PartnerRole" Type="Edm.String" MaxLength="7" sap:label="BP Role" sap:quickinfo="BP Role for Screen Usage"/>
                <Property Name="Anred" Type="Edm.String" MaxLength="15" sap:label="Title"/>
                <Property Name="Name1" Type="Edm.String" MaxLength="35" sap:label="Name" sap:quickinfo="Name 1"/>
                <Property Name="Name2" Type="Edm.String" MaxLength="35" sap:label="Name 2"/>
                <Property Name="Name3" Type="Edm.String" MaxLength="35" sap:label="Name 3"/>
                <Property Name="Sort1" Type="Edm.String" MaxLength="20" sap:display-format="UpperCase" sap:label="Search Term 1"/>
                <Property Name="StrSuppl1" Type="Edm.String" MaxLength="40" sap:label="Street 2"/>
                <Property Name="StrSuppl2" Type="Edm.String" MaxLength="40" sap:label="Street 3"/>
                <Property Name="HouseNum1" Type="Edm.String" MaxLength="10" sap:label="House Number"/>
                <Property Name="Stras" Type="Edm.String" MaxLength="60" sap:label="Street"/>
                <Property Name="Pstlz" Type="Edm.String" MaxLength="10" sap:display-format="UpperCase" sap:label="Postal Code"/>
                <Property Name="Ort01" Type="Edm.String" MaxLength="35" sap:label="City"/>
                <Property Name="Land1" Type="Edm.String" MaxLength="3" sap:display-format="UpperCase" sap:label="Country" sap:quickinfo="Country Key"/>
                <Property Name="Regio" Type="Edm.String" MaxLength="3" sap:display-format="UpperCase" sap:label="Region" sap:quickinfo="Region (State, Province, County)"/>
                <Property Name="Spras" Type="Edm.String" MaxLength="2" sap:label="Language Key"/>
                <Property Name="Telf1" Type="Edm.String" MaxLength="16" sap:label="Telephone 1" sap:quickinfo="First telephone number"/>
                <Property Name="Telf2" Type="Edm.String" MaxLength="16" sap:label="Telephone 2" sap:quickinfo="Second telephone number"/>
                <Property Name="Telfx" Type="Edm.String" MaxLength="31" sap:label="Fax Number"/>
                <Property Name="SmtpAddr" Type="Edm.String" MaxLength="241" sap:label="E-Mail Address"/>
                <Property Name="Erdat" Type="Edm.DateTime" Precision="0" sap:display-format="Date" sap:label="Created on" sap:quickinfo="Date on which the Record Was Created"/>
                <Property Name="DateTo" Type="Edm.DateTime" Precision="0" sap:display-format="Date" sap:label="To" sap:quickinfo="Valid-to date in current Release only 99991231 possible"/>
                <NavigationProperty Name="toassociation1" Relationship="NAUTI.BTP_NAUTICAL_TRANSACTIO_SRV.assoc_9DEF41BB5E23FFAC835B53A88C0E36EF" FromRole="FromRole_assoc_9DEF41BB5E23FFAC835B53A88C0E36EF" ToRole="ToRole_assoc_9DEF41BB5E23FFAC835B53A88C0E36EF"/>
                <NavigationProperty Name="toassociation2" Relationship="NAUTI.BTP_NAUTICAL_TRANSACTIO_SRV.assoc_09B6F1A0F494F7331D1AB03050ED840F" FromRole="FromRole_assoc_09B6F1A0F494F7331D1AB03050ED840F" ToRole="ToRole_assoc_09B6F1A0F494F7331D1AB03050ED840F"/>
            </EntityType>
            <EntityType Name="xNAUTIxSUBMITQUATATIONPOSTType" sap:label="SubmitQuotationPost" sap:content-version="1">
                <Key>
                    <PropertyRef Name="Voyno"/>
                </Key>
                <Property Name="Voyno" Type="Edm.String" Nullable="false" MaxLength="20" sap:display-format="UpperCase" sap:label="Voyage No" sap:quickinfo="Voyage Number"/>
                <Property Name="Lifnr" Type="Edm.String" MaxLength="10" sap:display-format="UpperCase" sap:label="Vendor" sap:quickinfo="Account Number of Vendor or Creditor"/>
                <Property Name="Chrnmin" Type="Edm.String" MaxLength="10" sap:display-format="UpperCase" sap:label="Chartering Req. No." sap:quickinfo="Charter No"/>
                <Property Name="Vimono" Type="Edm.String" MaxLength="40" sap:display-format="UpperCase" sap:label="Vessel IMO Number"/>
                <Property Name="Vname" Type="Edm.String" MaxLength="40" sap:display-format="UpperCase" sap:label="Vessel Name"/>
                <Property Name="Biddate" Type="Edm.DateTime" Precision="0" sap:display-format="Date" sap:label="Bid Date"/>
                <Property Name="Bidtime" Type="Edm.Time" Precision="0" sap:label="Bid Time"/>
                <NavigationProperty Name="tovenditem" Relationship="NAUTI.BTP_NAUTICAL_TRANSACTIO_SRV.assoc_08D7082528529CAB92486F8F9BD11920" FromRole="FromRole_assoc_08D7082528529CAB92486F8F9BD11920" ToRole="ToRole_assoc_08D7082528529CAB92486F8F9BD11920"/>
            </EntityType>
            <EntityType Name="xNAUTIxVENDType" sap:label="chartering Vendor" sap:content-version="1">
                <Key>
                    <PropertyRef Name="Chrnmin"/>
                    <PropertyRef Name="Lifnr"/>
                </Key>
                <Property Name="Chrnmin" Type="Edm.String" Nullable="false" MaxLength="10" sap:display-format="UpperCase" sap:label="Chartering Req. No." sap:quickinfo="Charter No"/>
                <Property Name="Lifnr" Type="Edm.String" Nullable="false" MaxLength="10" sap:display-format="UpperCase" sap:label="Vendor" sap:quickinfo="Account Number of Vendor or Creditor"/>
                <Property Name="Voyno" Type="Edm.String" MaxLength="20" sap:display-format="UpperCase" sap:label="Voyage No" sap:quickinfo="Voyage Number"/>
            </EntityType>
            <EntityType Name="xNAUTIxVENDBIDType" sap:label="SubmitQuotationItem" sap:content-version="1">
                <Key>
                    <PropertyRef Name="Voyno"/>
                </Key>
                <Property Name="Voyno" Type="Edm.String" Nullable="false" MaxLength="20" sap:display-format="UpperCase" sap:label="Voyage No" sap:quickinfo="Voyage Number"/>
                <Property Name="Lifnr" Type="Edm.String" MaxLength="10" sap:display-format="UpperCase" sap:label="Vendor" sap:quickinfo="Account Number of Vendor or Creditor"/>
                <Property Name="Zcode" Type="Edm.String" MaxLength="12" sap:display-format="UpperCase" sap:label="Code"/>
                <Property Name="Value" Type="Edm.String" MaxLength="50" sap:display-format="UpperCase" sap:label="Value"/>
                <Property Name="Cvalue" Type="Edm.Decimal" Precision="14" Scale="3" sap:label="Revaluation" sap:quickinfo="Revaluation amount on back-posting to a previous period"/>
                <Property Name="Cunit" Type="Edm.String" MaxLength="5" sap:label="Currency" sap:quickinfo="Currency Key" sap:semantics="currency-code"/>
                <Property Name="Chrnmin" Type="Edm.String" MaxLength="10" sap:display-format="UpperCase" sap:label="Chartering Req. No." sap:quickinfo="Charter No"/>
                <Property Name="CodeDesc" Type="Edm.String" MaxLength="50" sap:display-format="UpperCase" sap:label="Code Description"/>
                <Property Name="Biddate" Type="Edm.DateTime" Precision="0" sap:display-format="Date" sap:label="Bid Date"/>
                <Property Name="Bidtime" Type="Edm.Time" Precision="0" sap:label="Bid Time"/>
                <Property Name="Zcom" Type="Edm.String" MaxLength="250" sap:display-format="UpperCase" sap:label="Comments"/>
            </EntityType>
            <EntityType Name="xNAUTIxVENDBIDHType" sap:label="SubmitQuotationHeader" sap:content-version="1">
                <Key>
                    <PropertyRef Name="Voyno"/>
                    <PropertyRef Name="Lifnr"/>
                </Key>
                <Property Name="Voyno" Type="Edm.String" Nullable="false" MaxLength="20" sap:display-format="UpperCase" sap:label="Voyage No" sap:quickinfo="Voyage Number"/>
                <Property Name="Lifnr" Type="Edm.String" Nullable="false" MaxLength="10" sap:display-format="UpperCase" sap:label="Vendor" sap:quickinfo="Account Number of Vendor or Creditor"/>
                <Property Name="Chrnmin" Type="Edm.String" MaxLength="10" sap:display-format="UpperCase" sap:label="Chartering Req. No." sap:quickinfo="Charter No"/>
                <Property Name="Vimono" Type="Edm.String" MaxLength="40" sap:display-format="UpperCase" sap:label="Vessel IMO Number"/>
                <Property Name="Vname" Type="Edm.String" MaxLength="40" sap:display-format="UpperCase" sap:label="Vessel Name"/>
                <Property Name="Biddate" Type="Edm.DateTime" Precision="0" sap:display-format="Date" sap:label="Bid Date"/>
                <Property Name="Bidtime" Type="Edm.Time" Precision="0" sap:label="Bid Time"/>
            </EntityType>
            <EntityType Name="xNAUTIxVENFBIDType" sap:label="Vendor Price Final Bid Details" sap:content-version="1">
                <Key>
                    <PropertyRef Name="Voyno"/>
                    <PropertyRef Name="Lifnr"/>
                    <PropertyRef Name="Zcode"/>
                    <PropertyRef Name="Biddate"/>
                    <PropertyRef Name="Bidtime"/>
                </Key>
                <Property Name="Voyno" Type="Edm.String" Nullable="false" MaxLength="20" sap:display-format="UpperCase" sap:label="Voyage No" sap:quickinfo="Voyage Number"/>
                <Property Name="Lifnr" Type="Edm.String" Nullable="false" MaxLength="10" sap:display-format="UpperCase" sap:label="Vendor" sap:quickinfo="Account Number of Vendor or Creditor"/>
                <Property Name="Zcode" Type="Edm.String" Nullable="false" MaxLength="12" sap:display-format="UpperCase" sap:label="Code"/>
                <Property Name="Biddate" Type="Edm.DateTime" Nullable="false" Precision="0" sap:display-format="Date" sap:label="Bid Date"/>
                <Property Name="Bidtime" Type="Edm.Time" Nullable="false" Precision="0" sap:label="Bid Time"/>
                <Property Name="Chrnmin" Type="Edm.String" MaxLength="10" sap:display-format="UpperCase" sap:label="Chartering Req. No." sap:quickinfo="Charter No"/>
                <Property Name="CodeDesc" Type="Edm.String" MaxLength="50" sap:display-format="UpperCase" sap:label="Code Description"/>
                <Property Name="Value" Type="Edm.String" MaxLength="50" sap:display-format="UpperCase" sap:label="Value"/>
                <Property Name="Cvalue" Type="Edm.Decimal" Precision="14" Scale="3" sap:label="Revaluation" sap:quickinfo="Revaluation amount on back-posting to a previous period"/>
                <Property Name="Cunit" Type="Edm.String" MaxLength="5" sap:label="Currency" sap:quickinfo="Currency Key" sap:semantics="currency-code"/>
                <Property Name="Chrqsdate" Type="Edm.DateTime" Precision="0" sap:display-format="Date" sap:label="Bidding Start Date"/>
                <Property Name="Chrqstime" Type="Edm.Time" Precision="0" sap:label="Bidding Start Time"/>
                <Property Name="Chrqedate" Type="Edm.DateTime" Precision="0" sap:display-format="Date" sap:label="Bidding End Date"/>
                <Property Name="Chrqetime" Type="Edm.Time" Precision="0" sap:label="Bidding End Time"/>
                <Property Name="DoneBy" Type="Edm.Boolean" sap:display-format="UpperCase" sap:label="Done by Vendor ?"/>
                <Property Name="Uname" Type="Edm.String" MaxLength="12" sap:display-format="UpperCase" sap:label="Created by"/>
                <Property Name="Stat" Type="Edm.String" MaxLength="4" sap:display-format="UpperCase" sap:label="Status"/>
                <Property Name="Zmode" Type="Edm.String" MaxLength="4" sap:display-format="UpperCase" sap:label="Type (Auto/manual)"/>
                <Property Name="Zcom" Type="Edm.String" MaxLength="250" sap:display-format="UpperCase" sap:label="Comments"/>
                <Property Name="currentdate" Type="Edm.DateTime" Precision="0" sap:display-format="Date"/>
                <Property Name="currenttime" Type="Edm.Time" Precision="0"/>
            </EntityType>
            <EntityType Name="xNAUTIxVOYAGEHEADERTOITEMType" sap:label="voyage header to item" sap:content-version="1">
                <Key>
                    <PropertyRef Name="Voyno"/>
                </Key>
                <Property Name="Voyno" Type="Edm.String" Nullable="false" MaxLength="20" sap:display-format="UpperCase" sap:label="Voyage No" sap:quickinfo="Voyage Number"/>
                <Property Name="Voynm" Type="Edm.String" MaxLength="20" sap:label="Voyage name" sap:quickinfo="Voyage Name"/>
                <Property Name="Vnomtk" Type="Edm.String" MaxLength="20" sap:display-format="UpperCase" sap:label="Nomination no" sap:quickinfo="Nautical being used for Is-OIL"/>
                <Property Name="Refdoc" Type="Edm.String" MaxLength="10" sap:label="Refrence Doc" sap:quickinfo=" Nautical being used for S4H or other non Oil Modules"/>
                <Property Name="Docind" Type="Edm.String" MaxLength="1" sap:display-format="UpperCase" sap:label="Ref Doc .ind" sap:quickinfo="Reference document indicator (PSX)"/>
                <Property Name="Vessn" Type="Edm.String" MaxLength="20" sap:label="Vessel name" sap:quickinfo="Vessel Name"/>
                <Property Name="Vimo" Type="Edm.String" MaxLength="20" sap:display-format="UpperCase" sap:label="Vessel IMO no" sap:quickinfo="Vessel IMO Number - Unique"/>
                <Property Name="Chtyp" Type="Edm.String" MaxLength="5" sap:display-format="UpperCase" sap:label="Charter Type" sap:quickinfo="SPOT/Time Charter"/>
                <Property Name="Chpno" Type="Edm.String" MaxLength="10" sap:display-format="UpperCase" sap:label="Charter Party Agree" sap:quickinfo="Freight Contract"/>
                <Property Name="Currkeys" Type="Edm.String" MaxLength="5" sap:label="Freight charges" sap:quickinfo="Currency key" sap:semantics="currency-code"/>
                <Property Name="Frtco" Type="Edm.Decimal" Precision="14" Scale="3" sap:unit="Currkeys" sap:label="Freight Cost" sap:quickinfo="Freight Cost for the Voyage"/>
                <Property Name="Vstat" Type="Edm.String" MaxLength="5" sap:display-format="UpperCase" sap:label="Voyage Status" sap:quickinfo="Not Started, Ballast, Port, EnRoute, Anchorage, Completed"/>
                <Property Name="Voyty" Type="Edm.String" MaxLength="4" sap:display-format="UpperCase" sap:label="Voyage Type"/>
                <Property Name="Carty" Type="Edm.String" MaxLength="4" sap:display-format="UpperCase" sap:label="Vessel Type"/>
                <Property Name="Curr" Type="Edm.String" MaxLength="3" sap:display-format="UpperCase" sap:label="Currency"/>
                <Property Name="Freght" Type="Edm.Decimal" Precision="12" Scale="3" sap:unit="Currkeys" sap:label="Freight cost"/>
                <Property Name="Party" Type="Edm.String" MaxLength="10" sap:display-format="UpperCase" sap:label="Charter Party Agreem" sap:quickinfo="Charter Party Agreement"/>
                <Property Name="Bidtype" Type="Edm.String" MaxLength="2" sap:display-format="UpperCase" sap:label="" sap:quickinfo="Bid Type"/>
                <Property Name="Frcost" Type="Edm.Decimal" Precision="17" Scale="5" sap:unit="Currkeys" sap:label="Freight Cost"/>
                <Property Name="Frtu" Type="Edm.String" MaxLength="10" sap:display-format="UpperCase" sap:label="Freight Unit"/>
                <Property Name="Frcost_Act" Type="Edm.Decimal" Precision="17" Scale="5" sap:unit="Currkeys" sap:label="Actual Freight Cost"/>
                <Property Name="Frtu_Act" Type="Edm.String" MaxLength="10" sap:display-format="UpperCase" sap:label="Actual Freight Unit"/>
                <Property Name="Ref_Voyno" Type="Edm.String" MaxLength="20" sap:display-format="UpperCase" sap:label="Refrence Voyage No."/>
                <Property Name="GV_CSTATUS" Type="Edm.String" MaxLength="18"/>
                <NavigationProperty Name="tobiditem" Relationship="NAUTI.BTP_NAUTICAL_TRANSACTIO_SRV.assoc_F76F1573FA168CB0F603E2AF0A8488E7" FromRole="FromRole_assoc_F76F1573FA168CB0F603E2AF0A8488E7" ToRole="ToRole_assoc_F76F1573FA168CB0F603E2AF0A8488E7"/>
                <NavigationProperty Name="tocostcharge" Relationship="NAUTI.BTP_NAUTICAL_TRANSACTIO_SRV.assoc_3D0179F66CE7A1218F2F0411DF34C7CA" FromRole="FromRole_assoc_3D0179F66CE7A1218F2F0411DF34C7CA" ToRole="ToRole_assoc_3D0179F66CE7A1218F2F0411DF34C7CA"/>
                <NavigationProperty Name="toitem" Relationship="NAUTI.BTP_NAUTICAL_TRANSACTIO_SRV.assoc_B3695BAF95A9C6143CD9BFE694593760" FromRole="FromRole_assoc_B3695BAF95A9C6143CD9BFE694593760" ToRole="ToRole_assoc_B3695BAF95A9C6143CD9BFE694593760"/>
            </EntityType>
            <EntityType Name="xNAUTIxVoygItemType" sap:label="Nautical Voyage Items" sap:content-version="1">
                <Key>
                    <PropertyRef Name="Voyno"/>
                    <PropertyRef Name="Vlegn"/>
                </Key>
                <Property Name="Voyno" Type="Edm.String" Nullable="false" MaxLength="20" sap:display-format="UpperCase" sap:label="Voyage No" sap:quickinfo="Voyage Number"/>
                <Property Name="Vlegn" Type="Edm.Int32" Nullable="false"/>
                <Property Name="Portc" Type="Edm.String" MaxLength="10" sap:display-format="UpperCase" sap:label="Port Code" sap:quickinfo="Unified Port Code - Unique"/>
                <Property Name="Portn" Type="Edm.String" MaxLength="25" sap:label="Port Name"/>
                <Property Name="Pdist" Type="Edm.Decimal" Precision="13" Scale="3" sap:label="Distance" sap:quickinfo="The Post Master Fetched Using External API"/>
                <Property Name="Medst" Type="Edm.String" MaxLength="3" sap:label="Distance UoM" sap:quickinfo="Distance Unit of Measure" sap:semantics="unit-of-measure"/>
                <Property Name="Vspeed" Type="Edm.Decimal" Precision="17" Scale="3" sap:label="Speed" sap:quickinfo="The Speed From Vessel Master/Manual Input"/>
                <Property Name="Ppdays" Type="Edm.Decimal" Precision="6" Scale="3" sap:label="Port Days" sap:quickinfo="Propsed From Historic Data/Manual Input"/>
                <Property Name="Vsdays" Type="Edm.Decimal" Precision="7" Scale="3" sap:label="Sea Days" sap:quickinfo="Proposed From Historic Data/Manual Input"/>
                <Property Name="Vetad" Type="Edm.DateTime" Precision="0" sap:display-format="Date" sap:label="ETA" sap:quickinfo="Calculated Based on ETA"/>
                <Property Name="Vetat" Type="Edm.Time" Precision="0" sap:label="Time" sap:quickinfo="Calculated Based On ETD"/>
                <Property Name="Vetdd" Type="Edm.DateTime" Precision="0" sap:display-format="Date" sap:label="ETD" sap:quickinfo="Manual Entry"/>
                <Property Name="Vetdt" Type="Edm.Time" Precision="0" sap:label="Time" sap:quickinfo="Voyage Acutal Time"/>
                <Property Name="Vwead" Type="Edm.String" MaxLength="10" sap:display-format="UpperCase" sap:label="Weather Delay .Sea" sap:quickinfo="Caluclated from Weather Service else Manual Entry"/>
                <Property Name="Pstat" Type="Edm.String" MaxLength="5" sap:display-format="UpperCase" sap:label="Status" sap:quickinfo="In Planning, Vetting In Progress, Vetting Complted"/>
                <Property Name="Matnr" Type="Edm.String" MaxLength="40" sap:display-format="UpperCase" sap:label="Material" sap:quickinfo="Material Number"/>
                <Property Name="Maktx" Type="Edm.String" MaxLength="40" sap:label="Material description"/>
                <Property Name="Cargs" Type="Edm.Decimal" Precision="12" Scale="0" sap:label="Cargo size"/>
                <Property Name="Cargu" Type="Edm.String" MaxLength="3" sap:label="Base Unit of Measure" sap:semantics="unit-of-measure"/>
                <Property Name="Othco" Type="Edm.Decimal" Precision="24" Scale="3" sap:label="Total Cost"/>
                <Property Name="Frcost" Type="Edm.Decimal" Precision="24" Scale="3" sap:label="Total Cost"/>
                <Property Name="Totco" Type="Edm.Decimal" Precision="24" Scale="3" sap:unit="P82B8113A600582693009F647C000F417" sap:label="Total Cost"/>
            </EntityType>
            <EntityType Name="xNAUTIxZCHATVENType" sap:label=" Chatering Vendor Master table" sap:content-version="1">
                <Key>
                    <PropertyRef Name="Chrnmin"/>
                    <PropertyRef Name="Lifnr"/>
                </Key>
                <Property Name="Chrnmin" Type="Edm.String" Nullable="false" MaxLength="10" sap:display-format="UpperCase" sap:label="Chartering Req. No." sap:quickinfo="Charter No"/>
                <Property Name="Lifnr" Type="Edm.String" Nullable="false" MaxLength="10" sap:display-format="UpperCase" sap:label="Vendor" sap:quickinfo="Account Number of Vendor or Creditor"/>
                <Property Name="Voyno" Type="Edm.String" MaxLength="20" sap:display-format="UpperCase" sap:label="Voyage No" sap:quickinfo="Voyage Number"/>
            </EntityType>
            <Association Name="assoc_15DE2C3564A21ED9D16A8C057125B299" sap:content-version="1">
                <End Type="NAUTI.BTP_NAUTICAL_TRANSACTIO_SRV.xNAUTIxBIDDINGHISTORYREPORTType" Multiplicity="1" Role="FromRole_assoc_15DE2C3564A21ED9D16A8C057125B299"/>
                <End Type="NAUTI.BTP_NAUTICAL_TRANSACTIO_SRV.xNAUTIxVENDBIDType" Multiplicity="*" Role="ToRole_assoc_15DE2C3564A21ED9D16A8C057125B299"/>
            </Association>
            <Association Name="assoc_688303AE2B5A93FACD114C7FBF30D0E0" sap:content-version="1">
                <End Type="NAUTI.BTP_NAUTICAL_TRANSACTIO_SRV.xNAUTIxBIDDINGHISTORYREPORTType" Multiplicity="1" Role="FromRole_assoc_688303AE2B5A93FACD114C7FBF30D0E0"/>
                <End Type="NAUTI.BTP_NAUTICAL_TRANSACTIO_SRV.xNAUTIxVENFBIDType" Multiplicity="*" Role="ToRole_assoc_688303AE2B5A93FACD114C7FBF30D0E0"/>
            </Association>
            <Association Name="assoc_08D7082528529CAB92486F8F9BD11920" sap:content-version="1">
                <End Type="NAUTI.BTP_NAUTICAL_TRANSACTIO_SRV.xNAUTIxSUBMITQUATATIONPOSTType" Multiplicity="1" Role="FromRole_assoc_08D7082528529CAB92486F8F9BD11920"/>
                <End Type="NAUTI.BTP_NAUTICAL_TRANSACTIO_SRV.xNAUTIxVENDBIDType" Multiplicity="*" Role="ToRole_assoc_08D7082528529CAB92486F8F9BD11920"/>
            </Association>
            <Association Name="assoc_052323BC3B7A6CFE6B68E4F06860948D" sap:content-version="1">
                <End Type="NAUTI.BTP_NAUTICAL_TRANSACTIO_SRV.xNAUTIxCharteringHeaderItemType" Multiplicity="1" Role="FromRole_assoc_052323BC3B7A6CFE6B68E4F06860948D"/>
                <End Type="NAUTI.BTP_NAUTICAL_TRANSACTIO_SRV.xNAUTIxCHARTERINGType" Multiplicity="1" Role="ToRole_assoc_052323BC3B7A6CFE6B68E4F06860948D"/>
            </Association>
            <Association Name="assoc_6D9BD14E9661496A3CFDD20FD22245DD" sap:content-version="1">
                <End Type="NAUTI.BTP_NAUTICAL_TRANSACTIO_SRV.xNAUTIxCharteringHeaderItemType" Multiplicity="1" Role="FromRole_assoc_6D9BD14E9661496A3CFDD20FD22245DD"/>
                <End Type="NAUTI.BTP_NAUTICAL_TRANSACTIO_SRV.xNAUTIxVENDType" Multiplicity="*" Role="ToRole_assoc_6D9BD14E9661496A3CFDD20FD22245DD"/>
            </Association>
            <Association Name="assoc_F76F1573FA168CB0F603E2AF0A8488E7" sap:content-version="1">
                <End Type="NAUTI.BTP_NAUTICAL_TRANSACTIO_SRV.xNAUTIxVOYAGEHEADERTOITEMType" Multiplicity="1" Role="FromRole_assoc_F76F1573FA168CB0F603E2AF0A8488E7"/>
                <End Type="NAUTI.BTP_NAUTICAL_TRANSACTIO_SRV.xNAUTIxBIDITEMType" Multiplicity="*" Role="ToRole_assoc_F76F1573FA168CB0F603E2AF0A8488E7"/>
            </Association>
            <Association Name="assoc_3D0179F66CE7A1218F2F0411DF34C7CA" sap:content-version="1">
                <End Type="NAUTI.BTP_NAUTICAL_TRANSACTIO_SRV.xNAUTIxVOYAGEHEADERTOITEMType" Multiplicity="1" Role="FromRole_assoc_3D0179F66CE7A1218F2F0411DF34C7CA"/>
                <End Type="NAUTI.BTP_NAUTICAL_TRANSACTIO_SRV.xNAUTIxCOSTCHARGESType" Multiplicity="*" Role="ToRole_assoc_3D0179F66CE7A1218F2F0411DF34C7CA"/>
            </Association>
            <Association Name="assoc_B3695BAF95A9C6143CD9BFE694593760" sap:content-version="1">
                <End Type="NAUTI.BTP_NAUTICAL_TRANSACTIO_SRV.xNAUTIxVOYAGEHEADERTOITEMType" Multiplicity="1" Role="FromRole_assoc_B3695BAF95A9C6143CD9BFE694593760"/>
                <End Type="NAUTI.BTP_NAUTICAL_TRANSACTIO_SRV.xNAUTIxVoygItemType" Multiplicity="*" Role="ToRole_assoc_B3695BAF95A9C6143CD9BFE694593760"/>
            </Association>
            <Association Name="assoc_44EEF35F0979C441DF710799ED52F854" sap:content-version="1">
                <End Type="NAUTI.BTP_NAUTICAL_TRANSACTIO_SRV.xNAUTIxRFQCHARTERINGType" Multiplicity="1" Role="FromRole_assoc_44EEF35F0979C441DF710799ED52F854"/>
                <End Type="NAUTI.BTP_NAUTICAL_TRANSACTIO_SRV.xNAUTIxNAVOYGCTType" Multiplicity="*" Role="ToRole_assoc_44EEF35F0979C441DF710799ED52F854"/>
            </Association>
            <Association Name="assoc_7B2571977F753E239DAB974A66773A51" sap:content-version="1">
                <End Type="NAUTI.BTP_NAUTICAL_TRANSACTIO_SRV.xNAUTIxRFQCHARTERINGType" Multiplicity="1" Role="FromRole_assoc_7B2571977F753E239DAB974A66773A51"/>
                <End Type="NAUTI.BTP_NAUTICAL_TRANSACTIO_SRV.xNAUTIxNAVOYGType" Multiplicity="*" Role="ToRole_assoc_7B2571977F753E239DAB974A66773A51"/>
            </Association>
            <Association Name="assoc_521C3427DEFB72C10A81D0BB257840AD" sap:content-version="1">
                <End Type="NAUTI.BTP_NAUTICAL_TRANSACTIO_SRV.xNAUTIxRFQCHARTERINGType" Multiplicity="1" Role="FromRole_assoc_521C3427DEFB72C10A81D0BB257840AD"/>
                <End Type="NAUTI.BTP_NAUTICAL_TRANSACTIO_SRV.xNAUTIxNAVYGIPType" Multiplicity="*" Role="ToRole_assoc_521C3427DEFB72C10A81D0BB257840AD"/>
            </Association>
            <Association Name="assoc_1CE5CCE6D5CC39C12147FE145303CC66" sap:content-version="1">
                <End Type="NAUTI.BTP_NAUTICAL_TRANSACTIO_SRV.xNAUTIxRFQCHARTERINGType" Multiplicity="1" Role="FromRole_assoc_1CE5CCE6D5CC39C12147FE145303CC66"/>
                <End Type="NAUTI.BTP_NAUTICAL_TRANSACTIO_SRV.xNAUTIxZCHATVENType" Multiplicity="*" Role="ToRole_assoc_1CE5CCE6D5CC39C12147FE145303CC66"/>
            </Association>
            <Association Name="assoc_C8CA29C68CB5E57DC38995A500381CA3" sap:content-version="1">
                <End Type="NAUTI.BTP_NAUTICAL_TRANSACTIO_SRV.xNAUTIxCHARTPURCHASEITEMType" Multiplicity="1" Role="FromRole_assoc_C8CA29C68CB5E57DC38995A500381CA3"/>
                <End Type="NAUTI.BTP_NAUTICAL_TRANSACTIO_SRV.xNAUTIxpaymTermType" Multiplicity="*" Role="ToRole_assoc_C8CA29C68CB5E57DC38995A500381CA3"/>
            </Association>
            <Association Name="assoc_B7D3BEF385F9FA6B48FF3207AF99B65D" sap:content-version="1">
                <End Type="NAUTI.BTP_NAUTICAL_TRANSACTIO_SRV.xNAUTIxCHARTPURCHASEITEMType" Multiplicity="1" Role="FromRole_assoc_B7D3BEF385F9FA6B48FF3207AF99B65D"/>
                <End Type="NAUTI.BTP_NAUTICAL_TRANSACTIO_SRV.xNAUTIxpurchGroupType" Multiplicity="*" Role="ToRole_assoc_B7D3BEF385F9FA6B48FF3207AF99B65D"/>
            </Association>
            <Association Name="assoc_9DEF41BB5E23FFAC835B53A88C0E36EF" sap:content-version="1">
                <End Type="NAUTI.BTP_NAUTICAL_TRANSACTIO_SRV.xNAUTIxRFQPORTALType" Multiplicity="1" Role="FromRole_assoc_9DEF41BB5E23FFAC835B53A88C0E36EF"/>
                <End Type="NAUTI.BTP_NAUTICAL_TRANSACTIO_SRV.xNAUTIxZCHATVENType" Multiplicity="*" Role="ToRole_assoc_9DEF41BB5E23FFAC835B53A88C0E36EF"/>
            </Association>
            <Association Name="assoc_09B6F1A0F494F7331D1AB03050ED840F" sap:content-version="1">
                <End Type="NAUTI.BTP_NAUTICAL_TRANSACTIO_SRV.xNAUTIxRFQPORTALType" Multiplicity="1" Role="FromRole_assoc_09B6F1A0F494F7331D1AB03050ED840F"/>
                <End Type="NAUTI.BTP_NAUTICAL_TRANSACTIO_SRV.xNAUTIxVENFBIDType" Multiplicity="*" Role="ToRole_assoc_09B6F1A0F494F7331D1AB03050ED840F"/>
            </Association>
            <Association Name="assoc_CC3E8019F5763880DD8467E4A10F4474" sap:content-version="1">
                <End Type="NAUTI.BTP_NAUTICAL_TRANSACTIO_SRV.xNAUTIxLIVEFRIEGHTREPORTType" Multiplicity="1" Role="FromRole_assoc_CC3E8019F5763880DD8467E4A10F4474"/>
                <End Type="NAUTI.BTP_NAUTICAL_TRANSACTIO_SRV.xNAUTIxVENFBIDType" Multiplicity="*" Role="ToRole_assoc_CC3E8019F5763880DD8467E4A10F4474"/>
            </Association>
            <Association Name="assoc_0651E102B1AEDC10C2D1877D9C24F80E" sap:content-version="1">
                <End Type="NAUTI.BTP_NAUTICAL_TRANSACTIO_SRV.xNAUTIxLIVEFRIEGHTREPORTType" Multiplicity="1" Role="FromRole_assoc_0651E102B1AEDC10C2D1877D9C24F80E"/>
                <End Type="NAUTI.BTP_NAUTICAL_TRANSACTIO_SRV.xNAUTIxVENDBIDType" Multiplicity="*" Role="ToRole_assoc_0651E102B1AEDC10C2D1877D9C24F80E"/>
            </Association>
            <EntityContainer Name="NAUTI_BTP_NAUTICAL_TRANSACTIO_SRV_Entities" m:IsDefaultEntityContainer="true" sap:message-scope-supported="true" sap:supported-formats="atom json xlsx">
                <EntitySet Name="CharteringSet" EntityType="NAUTI.BTP_NAUTICAL_TRANSACTIO_SRV.Chartering" sap:creatable="false" sap:updatable="false" sap:deletable="false" sap:pageable="false" sap:content-version="1"/>
                <EntitySet Name="xNAUTIxBIDDINGHISTORYREPORT" EntityType="NAUTI.BTP_NAUTICAL_TRANSACTIO_SRV.xNAUTIxBIDDINGHISTORYREPORTType" sap:creatable="false" sap:updatable="false" sap:deletable="false" sap:content-version="1"/>
                <EntitySet Name="xNAUTIxBIDITEM" EntityType="NAUTI.BTP_NAUTICAL_TRANSACTIO_SRV.xNAUTIxBIDITEMType" sap:creatable="false" sap:updatable="false" sap:deletable="false" sap:content-version="1"/>
                <EntitySet Name="xNAUTIxCHARTERING" EntityType="NAUTI.BTP_NAUTICAL_TRANSACTIO_SRV.xNAUTIxCHARTERINGType" sap:deletable="false" sap:content-version="1"/>
                <EntitySet Name="xNAUTIxCharteringHeaderItem" EntityType="NAUTI.BTP_NAUTICAL_TRANSACTIO_SRV.xNAUTIxCharteringHeaderItemType" sap:creatable="false" sap:updatable="false" sap:deletable="false" sap:content-version="1"/>
                <EntitySet Name="xNAUTIxCHARTPURCHASEITEM" EntityType="NAUTI.BTP_NAUTICAL_TRANSACTIO_SRV.xNAUTIxCHARTPURCHASEITEMType" sap:creatable="false" sap:updatable="false" sap:deletable="false" sap:content-version="1"/>
                <EntitySet Name="xNAUTIxCOSTCHARGES" EntityType="NAUTI.BTP_NAUTICAL_TRANSACTIO_SRV.xNAUTIxCOSTCHARGESType" sap:creatable="false" sap:updatable="false" sap:deletable="false" sap:content-version="1"/>
                <EntitySet Name="xNAUTIxLIVEFRIEGHTREPORT" EntityType="NAUTI.BTP_NAUTICAL_TRANSACTIO_SRV.xNAUTIxLIVEFRIEGHTREPORTType" sap:creatable="false" sap:updatable="false" sap:deletable="false" sap:content-version="1"/>
                <EntitySet Name="xNAUTIxNAVOYG" EntityType="NAUTI.BTP_NAUTICAL_TRANSACTIO_SRV.xNAUTIxNAVOYGType" sap:creatable="false" sap:updatable="false" sap:deletable="false" sap:content-version="1"/>
                <EntitySet Name="xNAUTIxNAVOYGCT" EntityType="NAUTI.BTP_NAUTICAL_TRANSACTIO_SRV.xNAUTIxNAVOYGCTType" sap:creatable="false" sap:updatable="false" sap:deletable="false" sap:content-version="1"/>
                <EntitySet Name="xNAUTIxNAVYGIP" EntityType="NAUTI.BTP_NAUTICAL_TRANSACTIO_SRV.xNAUTIxNAVYGIPType" sap:creatable="false" sap:updatable="false" sap:deletable="false" sap:content-version="1"/>
                <EntitySet Name="xNAUTIxpaymTerm" EntityType="NAUTI.BTP_NAUTICAL_TRANSACTIO_SRV.xNAUTIxpaymTermType" sap:creatable="false" sap:updatable="false" sap:deletable="false" sap:content-version="1"/>
                <EntitySet Name="xNAUTIxpurchGroup" EntityType="NAUTI.BTP_NAUTICAL_TRANSACTIO_SRV.xNAUTIxpurchGroupType" sap:creatable="false" sap:updatable="false" sap:deletable="false" sap:content-version="1"/>
                <EntitySet Name="xNAUTIxRFQCHARTERING" EntityType="NAUTI.BTP_NAUTICAL_TRANSACTIO_SRV.xNAUTIxRFQCHARTERINGType" sap:creatable="false" sap:updatable="false" sap:deletable="false" sap:content-version="1"/>
                <EntitySet Name="xNAUTIxRFQPORTAL" EntityType="NAUTI.BTP_NAUTICAL_TRANSACTIO_SRV.xNAUTIxRFQPORTALType" sap:creatable="false" sap:updatable="false" sap:deletable="false" sap:content-version="1"/>
                <EntitySet Name="xNAUTIxSUBMITQUATATIONPOST" EntityType="NAUTI.BTP_NAUTICAL_TRANSACTIO_SRV.xNAUTIxSUBMITQUATATIONPOSTType" sap:creatable="false" sap:updatable="false" sap:deletable="false" sap:content-version="1"/>
                <EntitySet Name="xNAUTIxVEND" EntityType="NAUTI.BTP_NAUTICAL_TRANSACTIO_SRV.xNAUTIxVENDType" sap:updatable="false" sap:deletable="false" sap:content-version="1"/>
                <EntitySet Name="xNAUTIxVENDBID" EntityType="NAUTI.BTP_NAUTICAL_TRANSACTIO_SRV.xNAUTIxVENDBIDType" sap:creatable="false" sap:updatable="false" sap:deletable="false" sap:content-version="1"/>
                <EntitySet Name="xNAUTIxVENDBIDH" EntityType="NAUTI.BTP_NAUTICAL_TRANSACTIO_SRV.xNAUTIxVENDBIDHType" sap:creatable="false" sap:updatable="false" sap:deletable="false" sap:content-version="1"/>
                <EntitySet Name="xNAUTIxVENFBID" EntityType="NAUTI.BTP_NAUTICAL_TRANSACTIO_SRV.xNAUTIxVENFBIDType" sap:creatable="false" sap:updatable="false" sap:deletable="false" sap:content-version="1"/>
                <EntitySet Name="xNAUTIxVOYAGEHEADERTOITEM" EntityType="NAUTI.BTP_NAUTICAL_TRANSACTIO_SRV.xNAUTIxVOYAGEHEADERTOITEMType" sap:deletable="false" sap:content-version="1"/>
                <EntitySet Name="xNAUTIxVoygItem" EntityType="NAUTI.BTP_NAUTICAL_TRANSACTIO_SRV.xNAUTIxVoygItemType" sap:creatable="false" sap:updatable="false" sap:deletable="false" sap:content-version="1"/>
                <EntitySet Name="xNAUTIxZCHATVEN" EntityType="NAUTI.BTP_NAUTICAL_TRANSACTIO_SRV.xNAUTIxZCHATVENType" sap:creatable="false" sap:updatable="false" sap:deletable="false" sap:content-version="1"/>
                <AssociationSet Name="assoc_6D9BD14E9661496A3CFDD20FD22245DD" Association="NAUTI.BTP_NAUTICAL_TRANSACTIO_SRV.assoc_6D9BD14E9661496A3CFDD20FD22245DD" sap:creatable="false" sap:updatable="false" sap:deletable="false" sap:content-version="1">
                    <End EntitySet="xNAUTIxCharteringHeaderItem" Role="FromRole_assoc_6D9BD14E9661496A3CFDD20FD22245DD"/>
                    <End EntitySet="xNAUTIxVEND" Role="ToRole_assoc_6D9BD14E9661496A3CFDD20FD22245DD"/>
                </AssociationSet>
                <AssociationSet Name="assoc_09B6F1A0F494F7331D1AB03050ED840F" Association="NAUTI.BTP_NAUTICAL_TRANSACTIO_SRV.assoc_09B6F1A0F494F7331D1AB03050ED840F" sap:creatable="false" sap:updatable="false" sap:deletable="false" sap:content-version="1">
                    <End EntitySet="xNAUTIxRFQPORTAL" Role="FromRole_assoc_09B6F1A0F494F7331D1AB03050ED840F"/>
                    <End EntitySet="xNAUTIxVENFBID" Role="ToRole_assoc_09B6F1A0F494F7331D1AB03050ED840F"/>
                </AssociationSet>
                <AssociationSet Name="assoc_44EEF35F0979C441DF710799ED52F854" Association="NAUTI.BTP_NAUTICAL_TRANSACTIO_SRV.assoc_44EEF35F0979C441DF710799ED52F854" sap:creatable="false" sap:updatable="false" sap:deletable="false" sap:content-version="1">
                    <End EntitySet="xNAUTIxRFQCHARTERING" Role="FromRole_assoc_44EEF35F0979C441DF710799ED52F854"/>
                    <End EntitySet="xNAUTIxNAVOYGCT" Role="ToRole_assoc_44EEF35F0979C441DF710799ED52F854"/>
                </AssociationSet>
                <AssociationSet Name="assoc_15DE2C3564A21ED9D16A8C057125B299" Association="NAUTI.BTP_NAUTICAL_TRANSACTIO_SRV.assoc_15DE2C3564A21ED9D16A8C057125B299" sap:creatable="false" sap:updatable="false" sap:deletable="false" sap:content-version="1">
                    <End EntitySet="xNAUTIxBIDDINGHISTORYREPORT" Role="FromRole_assoc_15DE2C3564A21ED9D16A8C057125B299"/>
                    <End EntitySet="xNAUTIxVENDBID" Role="ToRole_assoc_15DE2C3564A21ED9D16A8C057125B299"/>
                </AssociationSet>
                <AssociationSet Name="assoc_B3695BAF95A9C6143CD9BFE694593760" Association="NAUTI.BTP_NAUTICAL_TRANSACTIO_SRV.assoc_B3695BAF95A9C6143CD9BFE694593760" sap:creatable="false" sap:updatable="false" sap:deletable="false" sap:content-version="1">
                    <End EntitySet="xNAUTIxVOYAGEHEADERTOITEM" Role="FromRole_assoc_B3695BAF95A9C6143CD9BFE694593760"/>
                    <End EntitySet="xNAUTIxVoygItem" Role="ToRole_assoc_B3695BAF95A9C6143CD9BFE694593760"/>
                </AssociationSet>
                <AssociationSet Name="assoc_C8CA29C68CB5E57DC38995A500381CA3" Association="NAUTI.BTP_NAUTICAL_TRANSACTIO_SRV.assoc_C8CA29C68CB5E57DC38995A500381CA3" sap:creatable="false" sap:updatable="false" sap:deletable="false" sap:content-version="1">
                    <End EntitySet="xNAUTIxCHARTPURCHASEITEM" Role="FromRole_assoc_C8CA29C68CB5E57DC38995A500381CA3"/>
                    <End EntitySet="xNAUTIxpaymTerm" Role="ToRole_assoc_C8CA29C68CB5E57DC38995A500381CA3"/>
                </AssociationSet>
                <AssociationSet Name="assoc_0651E102B1AEDC10C2D1877D9C24F80E" Association="NAUTI.BTP_NAUTICAL_TRANSACTIO_SRV.assoc_0651E102B1AEDC10C2D1877D9C24F80E" sap:creatable="false" sap:updatable="false" sap:deletable="false" sap:content-version="1">
                    <End EntitySet="xNAUTIxLIVEFRIEGHTREPORT" Role="FromRole_assoc_0651E102B1AEDC10C2D1877D9C24F80E"/>
                    <End EntitySet="xNAUTIxVENDBID" Role="ToRole_assoc_0651E102B1AEDC10C2D1877D9C24F80E"/>
                </AssociationSet>
                <AssociationSet Name="assoc_F76F1573FA168CB0F603E2AF0A8488E7" Association="NAUTI.BTP_NAUTICAL_TRANSACTIO_SRV.assoc_F76F1573FA168CB0F603E2AF0A8488E7" sap:creatable="false" sap:updatable="false" sap:deletable="false" sap:content-version="1">
                    <End EntitySet="xNAUTIxVOYAGEHEADERTOITEM" Role="FromRole_assoc_F76F1573FA168CB0F603E2AF0A8488E7"/>
                    <End EntitySet="xNAUTIxBIDITEM" Role="ToRole_assoc_F76F1573FA168CB0F603E2AF0A8488E7"/>
                </AssociationSet>
                <AssociationSet Name="assoc_7B2571977F753E239DAB974A66773A51" Association="NAUTI.BTP_NAUTICAL_TRANSACTIO_SRV.assoc_7B2571977F753E239DAB974A66773A51" sap:creatable="false" sap:updatable="false" sap:deletable="false" sap:content-version="1">
                    <End EntitySet="xNAUTIxRFQCHARTERING" Role="FromRole_assoc_7B2571977F753E239DAB974A66773A51"/>
                    <End EntitySet="xNAUTIxNAVOYG" Role="ToRole_assoc_7B2571977F753E239DAB974A66773A51"/>
                </AssociationSet>
                <AssociationSet Name="assoc_08D7082528529CAB92486F8F9BD11920" Association="NAUTI.BTP_NAUTICAL_TRANSACTIO_SRV.assoc_08D7082528529CAB92486F8F9BD11920" sap:creatable="false" sap:updatable="false" sap:deletable="false" sap:content-version="1">
                    <End EntitySet="xNAUTIxSUBMITQUATATIONPOST" Role="FromRole_assoc_08D7082528529CAB92486F8F9BD11920"/>
                    <End EntitySet="xNAUTIxVENDBID" Role="ToRole_assoc_08D7082528529CAB92486F8F9BD11920"/>
                </AssociationSet>
                <AssociationSet Name="assoc_1CE5CCE6D5CC39C12147FE145303CC66" Association="NAUTI.BTP_NAUTICAL_TRANSACTIO_SRV.assoc_1CE5CCE6D5CC39C12147FE145303CC66" sap:creatable="false" sap:updatable="false" sap:deletable="false" sap:content-version="1">
                    <End EntitySet="xNAUTIxRFQCHARTERING" Role="FromRole_assoc_1CE5CCE6D5CC39C12147FE145303CC66"/>
                    <End EntitySet="xNAUTIxZCHATVEN" Role="ToRole_assoc_1CE5CCE6D5CC39C12147FE145303CC66"/>
                </AssociationSet>
                <AssociationSet Name="assoc_3D0179F66CE7A1218F2F0411DF34C7CA" Association="NAUTI.BTP_NAUTICAL_TRANSACTIO_SRV.assoc_3D0179F66CE7A1218F2F0411DF34C7CA" sap:creatable="false" sap:updatable="false" sap:deletable="false" sap:content-version="1">
                    <End EntitySet="xNAUTIxVOYAGEHEADERTOITEM" Role="FromRole_assoc_3D0179F66CE7A1218F2F0411DF34C7CA"/>
                    <End EntitySet="xNAUTIxCOSTCHARGES" Role="ToRole_assoc_3D0179F66CE7A1218F2F0411DF34C7CA"/>
                </AssociationSet>
                <AssociationSet Name="assoc_521C3427DEFB72C10A81D0BB257840AD" Association="NAUTI.BTP_NAUTICAL_TRANSACTIO_SRV.assoc_521C3427DEFB72C10A81D0BB257840AD" sap:creatable="false" sap:updatable="false" sap:deletable="false" sap:content-version="1">
                    <End EntitySet="xNAUTIxRFQCHARTERING" Role="FromRole_assoc_521C3427DEFB72C10A81D0BB257840AD"/>
                    <End EntitySet="xNAUTIxNAVYGIP" Role="ToRole_assoc_521C3427DEFB72C10A81D0BB257840AD"/>
                </AssociationSet>
                <AssociationSet Name="assoc_CC3E8019F5763880DD8467E4A10F4474" Association="NAUTI.BTP_NAUTICAL_TRANSACTIO_SRV.assoc_CC3E8019F5763880DD8467E4A10F4474" sap:creatable="false" sap:updatable="false" sap:deletable="false" sap:content-version="1">
                    <End EntitySet="xNAUTIxLIVEFRIEGHTREPORT" Role="FromRole_assoc_CC3E8019F5763880DD8467E4A10F4474"/>
                    <End EntitySet="xNAUTIxVENFBID" Role="ToRole_assoc_CC3E8019F5763880DD8467E4A10F4474"/>
                </AssociationSet>
                <AssociationSet Name="assoc_9DEF41BB5E23FFAC835B53A88C0E36EF" Association="NAUTI.BTP_NAUTICAL_TRANSACTIO_SRV.assoc_9DEF41BB5E23FFAC835B53A88C0E36EF" sap:creatable="false" sap:updatable="false" sap:deletable="false" sap:content-version="1">
                    <End EntitySet="xNAUTIxRFQPORTAL" Role="FromRole_assoc_9DEF41BB5E23FFAC835B53A88C0E36EF"/>
                    <End EntitySet="xNAUTIxZCHATVEN" Role="ToRole_assoc_9DEF41BB5E23FFAC835B53A88C0E36EF"/>
                </AssociationSet>
                <AssociationSet Name="assoc_052323BC3B7A6CFE6B68E4F06860948D" Association="NAUTI.BTP_NAUTICAL_TRANSACTIO_SRV.assoc_052323BC3B7A6CFE6B68E4F06860948D" sap:creatable="false" sap:updatable="false" sap:deletable="false" sap:content-version="1">
                    <End EntitySet="xNAUTIxCharteringHeaderItem" Role="FromRole_assoc_052323BC3B7A6CFE6B68E4F06860948D"/>
                    <End EntitySet="xNAUTIxCHARTERING" Role="ToRole_assoc_052323BC3B7A6CFE6B68E4F06860948D"/>
                </AssociationSet>
                <AssociationSet Name="assoc_688303AE2B5A93FACD114C7FBF30D0E0" Association="NAUTI.BTP_NAUTICAL_TRANSACTIO_SRV.assoc_688303AE2B5A93FACD114C7FBF30D0E0" sap:creatable="false" sap:updatable="false" sap:deletable="false" sap:content-version="1">
                    <End EntitySet="xNAUTIxBIDDINGHISTORYREPORT" Role="FromRole_assoc_688303AE2B5A93FACD114C7FBF30D0E0"/>
                    <End EntitySet="xNAUTIxVENFBID" Role="ToRole_assoc_688303AE2B5A93FACD114C7FBF30D0E0"/>
                </AssociationSet>
                <AssociationSet Name="assoc_B7D3BEF385F9FA6B48FF3207AF99B65D" Association="NAUTI.BTP_NAUTICAL_TRANSACTIO_SRV.assoc_B7D3BEF385F9FA6B48FF3207AF99B65D" sap:creatable="false" sap:updatable="false" sap:deletable="false" sap:content-version="1">
                    <End EntitySet="xNAUTIxCHARTPURCHASEITEM" Role="FromRole_assoc_B7D3BEF385F9FA6B48FF3207AF99B65D"/>
                    <End EntitySet="xNAUTIxpurchGroup" Role="ToRole_assoc_B7D3BEF385F9FA6B48FF3207AF99B65D"/>
                </AssociationSet>
            </EntityContainer>
            <Annotations Target="NAUTI.BTP_NAUTICAL_TRANSACTIO_SRV.NAUTI_BTP_NAUTICAL_TRANSACTIO_SRV_Entities"
                xmlns="http://docs.oasis-open.org/odata/ns/edm">
                <Annotation Term="Aggregation.ApplySupported">
                    <Record>
                        <PropertyValue Property="Transformations">
                            <Collection>
                                <String>aggregate</String>
                                <String>groupby</String>
                                <String>filter</String>
                            </Collection>
                        </PropertyValue>
                        <PropertyValue Property="Rollup" EnumMember="None"/>
                    </Record>
                </Annotation>
            </Annotations>
            <atom:link rel="self" href="http://ingenxsrv:8001/sap/opu/odata/nauti/BTP_NAUTICAL_TRANSACTIO_SRV/$metadata"
                xmlns:atom="http://www.w3.org/2005/Atom"/>
                <atom:link rel="latest-version" href="http://ingenxsrv:8001/sap/opu/odata/nauti/BTP_NAUTICAL_TRANSACTIO_SRV/$metadata"
                    xmlns:atom="http://www.w3.org/2005/Atom"/>
                </Schema>
            </edmx:DataServices>
        </edmx:Edmx>