<?xml version="1.0" encoding="utf-8"?>
<edmx:Edmx Version="1.0"
    xmlns:edmx="http://schemas.microsoft.com/ado/2007/06/edmx"
    xmlns:m="http://schemas.microsoft.com/ado/2007/08/dataservices/metadata"
    xmlns:sap="http://www.sap.com/Protocols/SAPData">
    <edmx:Reference Uri="http://ingenxsrv:8001/sap/opu/odata/IWFND/CATALOGSERVICE;v=2/Vocabularies(TechnicalName='%2FIWBEP%2FVOC_COMMON',Version='0001',SAP__Origin='')/$value"
        xmlns:edmx="http://docs.oasis-open.org/odata/ns/edmx">
        <edmx:Include Namespace="com.sap.vocabularies.Common.v1" Alias="Common"/>
    </edmx:Reference>
    <edmx:Reference Uri="http://ingenxsrv:8001/sap/opu/odata/IWFND/CATALOGSERVICE;v=2/Vocabularies(TechnicalName='%2FIWBEP%2FVOC_CAPABILITIES',Version='0001',SAP__Origin='')/$value"
        xmlns:edmx="http://docs.oasis-open.org/odata/ns/edmx">
        <edmx:Include Namespace="Org.OData.Capabilities.V1" Alias="Capabilities"/>
    </edmx:Reference>
    <edmx:Reference Uri="http://ingenxsrv:8001/sap/opu/odata/IWFND/CATALOGSERVICE;v=2/Vocabularies(TechnicalName='%2FIWBEP%2FVOC_COMMUNICATION',Version='0001',SAP__Origin='')/$value"
        xmlns:edmx="http://docs.oasis-open.org/odata/ns/edmx">
        <edmx:Include Namespace="com.sap.vocabularies.Communication.v1" Alias="Communication"/>
    </edmx:Reference>
    <edmx:Reference Uri="http://ingenxsrv:8001/sap/opu/odata/IWFND/CATALOGSERVICE;v=2/Vocabularies(TechnicalName='%2FIWBEP%2FVOC_AGGREGATION',Version='0001',SAP__Origin='')/$value"
        xmlns:edmx="http://docs.oasis-open.org/odata/ns/edmx">
        <edmx:Include Namespace="Org.OData.Aggregation.V1" Alias="Aggregation"/>
    </edmx:Reference>
    <edmx:Reference Uri="http://ingenxsrv:8001/sap/opu/odata/IWFND/CATALOGSERVICE;v=2/Vocabularies(TechnicalName='%2FIWBEP%2FVOC_PERSONALDATA',Version='0001',SAP__Origin='')/$value"
        xmlns:edmx="http://docs.oasis-open.org/odata/ns/edmx">
        <edmx:Include Namespace="com.sap.vocabularies.PersonalData.v1" Alias="PersonalData"/>
    </edmx:Reference>
    <edmx:DataServices m:DataServiceVersion="2.0">
        <Schema Namespace="NAUTI.VOYAPPROVAL_SRV" xml:lang="en" sap:schema-version="1"
            xmlns="http://schemas.microsoft.com/ado/2008/09/edm">
            <EntityType Name="voyapproval" sap:content-version="1">
                <Key>
                    <PropertyRef Name="Vreqno"/>
                    <PropertyRef Name="Voyno"/>
                    <PropertyRef Name="Zlevel"/>
                    <PropertyRef Name="Uname"/>
                </Key>
                <Property Name="Vreqno" Type="Edm.String" Nullable="false" MaxLength="10" sap:unicode="false" sap:label="Voyage Approval Requ" sap:creatable="false" sap:updatable="false" sap:sortable="false" sap:filterable="false"/>
                <Property Name="Zemail" Type="Edm.String" Nullable="false" MaxLength="241" sap:unicode="false" sap:label="E-Mail Address" sap:creatable="false" sap:updatable="false" sap:sortable="false" sap:filterable="false"/>
                <Property Name="Voyno" Type="Edm.String" Nullable="false" MaxLength="20" sap:unicode="false" sap:label="Voyage No" sap:creatable="false" sap:updatable="false" sap:sortable="false" sap:filterable="false"/>
                <Property Name="Zlevel" Type="Edm.String" Nullable="false" MaxLength="2" sap:unicode="false" sap:label="Approver Level" sap:creatable="false" sap:updatable="false" sap:sortable="false" sap:filterable="false"/>
                <Property Name="Uname" Type="Edm.String" Nullable="false" MaxLength="12" sap:unicode="false" sap:label="User Name" sap:creatable="false" sap:updatable="false" sap:sortable="false" sap:filterable="false"/>
                <Property Name="Zdate" Type="Edm.DateTime" Precision="7" sap:unicode="false" sap:label="Date" sap:creatable="false" sap:updatable="false" sap:sortable="false" sap:filterable="false"/>
                <Property Name="Ztime" Type="Edm.Time" Precision="0" sap:unicode="false" sap:label="Time" sap:creatable="false" sap:updatable="false" sap:sortable="false" sap:filterable="false"/>
                <Property Name="Zcomm" Type="Edm.String" Nullable="false" MaxLength="250" sap:unicode="false" sap:label="Comments" sap:creatable="false" sap:updatable="false" sap:sortable="false" sap:filterable="false"/>
                <Property Name="Zaction" Type="Edm.String" Nullable="false" MaxLength="4" sap:unicode="false" sap:label="Action Taken" sap:creatable="false" sap:updatable="false" sap:sortable="false" sap:filterable="false"/>
            </EntityType>
            <EntityType Name="xNAUTIxgetvoyapprovalType" sap:label="Get Voyage Approval List" sap:content-version="1">
                <Key>
                    <PropertyRef Name="Vreqno"/>
                    <PropertyRef Name="Voyno"/>
                </Key>
                <Property Name="Vreqno" Type="Edm.String" Nullable="false" MaxLength="10" sap:display-format="UpperCase" sap:label="Voyage Approval Requ" sap:quickinfo="Voyage Approval Request Number"/>
                <Property Name="Voyno" Type="Edm.String" Nullable="false" MaxLength="20" sap:display-format="UpperCase" sap:label="Voyage No" sap:quickinfo="Voyage Number"/>
            </EntityType>
            <EntityType Name="xNAUTIxvoyapproval1Type" sap:label="voy approval1" sap:content-version="1">
                <Key>
                    <PropertyRef Name="Vreqno"/>
                    <PropertyRef Name="Voyno"/>
                    <PropertyRef Name="Zlevel"/>
                    <PropertyRef Name="Uname"/>
                    <PropertyRef Name="Zdate"/>
                    <PropertyRef Name="Ztime"/>
                    <PropertyRef Name="Zemail"/>
                </Key>
                <Property Name="Vreqno" Type="Edm.String" Nullable="false" MaxLength="10" sap:display-format="UpperCase" sap:label="Voyage Approval Requ" sap:quickinfo="Voyage Approval Request Number"/>
                <Property Name="Voyno" Type="Edm.String" Nullable="false" MaxLength="20" sap:display-format="UpperCase" sap:label="Voyage No" sap:quickinfo="Voyage Number"/>
                <Property Name="Zlevel" Type="Edm.String" Nullable="false" MaxLength="2" sap:display-format="UpperCase" sap:label="Approver Level"/>
                <Property Name="Uname" Type="Edm.String" Nullable="false" MaxLength="12" sap:display-format="UpperCase" sap:label="User Name"/>
                <Property Name="Zdate" Type="Edm.DateTime" Nullable="false" Precision="0" sap:display-format="Date" sap:label="Date"/>
                <Property Name="Ztime" Type="Edm.Time" Nullable="false" Precision="0" sap:label="Time"/>
                <Property Name="Zemail" Type="Edm.String" Nullable="false" MaxLength="241" sap:label="E-Mail Address"/>
                <Property Name="Zcomm" Type="Edm.String" MaxLength="250" sap:display-format="UpperCase" sap:label="Comments"/>
                <Property Name="Zaction" Type="Edm.String" MaxLength="4" sap:display-format="UpperCase" sap:label="Action Taken"/>
            </EntityType>
            <EntityContainer Name="NAUTI_VOYAPPROVAL_SRV_Entities" m:IsDefaultEntityContainer="true" sap:message-scope-supported="true" sap:supported-formats="atom json xlsx">
                <EntitySet Name="voyapprovalSet" EntityType="NAUTI.VOYAPPROVAL_SRV.voyapproval" sap:creatable="false" sap:updatable="false" sap:deletable="false" sap:pageable="false" sap:content-version="1"/>
                <EntitySet Name="xNAUTIxgetvoyapproval" EntityType="NAUTI.VOYAPPROVAL_SRV.xNAUTIxgetvoyapprovalType" sap:creatable="false" sap:updatable="false" sap:deletable="false" sap:content-version="1"/>
                <EntitySet Name="xNAUTIxvoyapproval1" EntityType="NAUTI.VOYAPPROVAL_SRV.xNAUTIxvoyapproval1Type" sap:creatable="false" sap:updatable="false" sap:deletable="false" sap:content-version="1"/>
            </EntityContainer>
            <Annotations Target="NAUTI.VOYAPPROVAL_SRV.NAUTI_VOYAPPROVAL_SRV_Entities"
                xmlns="http://docs.oasis-open.org/odata/ns/edm">
                <Annotation Term="Aggregation.ApplySupported">
                    <Record>
                        <PropertyValue Property="Transformations">
                            <Collection>
                                <String>aggregate</String>
                                <String>groupby</String>
                                <String>filter</String>
                            </Collection>
                        </PropertyValue>
                        <PropertyValue Property="Rollup" EnumMember="None"/>
                    </Record>
                </Annotation>
            </Annotations>
            <atom:link rel="self" href="http://ingenxsrv:8001/sap/opu/odata/nauti/VOYAPPROVAL_SRV/$metadata"
                xmlns:atom="http://www.w3.org/2005/Atom"/>
                <atom:link rel="latest-version" href="http://ingenxsrv:8001/sap/opu/odata/nauti/VOYAPPROVAL_SRV/$metadata"
                    xmlns:atom="http://www.w3.org/2005/Atom"/>
                </Schema>
            </edmx:DataServices>
        </edmx:Edmx>