<?xml version="1.0" encoding="utf-8"?>
<edmx:Edmx Version="1.0"
    xmlns:edmx="http://schemas.microsoft.com/ado/2007/06/edmx"
    xmlns:m="http://schemas.microsoft.com/ado/2007/08/dataservices/metadata"
    xmlns:sap="http://www.sap.com/Protocols/SAPData">
    <edmx:Reference Uri="http://ingenxsrv:8001/sap/opu/odata/IWFND/CATALOGSERVICE;v=2/Vocabularies(TechnicalName='%2FIWBEP%2FVOC_COMMON',Version='0001',SAP__Origin='')/$value"
        xmlns:edmx="http://docs.oasis-open.org/odata/ns/edmx">
        <edmx:Include Namespace="com.sap.vocabularies.Common.v1" Alias="Common"/>
    </edmx:Reference>
    <edmx:Reference Uri="http://ingenxsrv:8001/sap/opu/odata/IWFND/CATALOGSERVICE;v=2/Vocabularies(TechnicalName='%2FIWBEP%2FVOC_CAPABILITIES',Version='0001',SAP__Origin='')/$value"
        xmlns:edmx="http://docs.oasis-open.org/odata/ns/edmx">
        <edmx:Include Namespace="Org.OData.Capabilities.V1" Alias="Capabilities"/>
    </edmx:Reference>
    <edmx:Reference Uri="http://ingenxsrv:8001/sap/opu/odata/IWFND/CATALOGSERVICE;v=2/Vocabularies(TechnicalName='%2FIWBEP%2FVOC_COMMUNICATION',Version='0001',SAP__Origin='')/$value"
        xmlns:edmx="http://docs.oasis-open.org/odata/ns/edmx">
        <edmx:Include Namespace="com.sap.vocabularies.Communication.v1" Alias="Communication"/>
    </edmx:Reference>
    <edmx:Reference Uri="http://ingenxsrv:8001/sap/opu/odata/IWFND/CATALOGSERVICE;v=2/Vocabularies(TechnicalName='%2FIWBEP%2FVOC_AGGREGATION',Version='0001',SAP__Origin='')/$value"
        xmlns:edmx="http://docs.oasis-open.org/odata/ns/edmx">
        <edmx:Include Namespace="Org.OData.Aggregation.V1" Alias="Aggregation"/>
    </edmx:Reference>
    <edmx:Reference Uri="http://ingenxsrv:8001/sap/opu/odata/IWFND/CATALOGSERVICE;v=2/Vocabularies(TechnicalName='%2FIWBEP%2FVOC_PERSONALDATA',Version='0001',SAP__Origin='')/$value"
        xmlns:edmx="http://docs.oasis-open.org/odata/ns/edmx">
        <edmx:Include Namespace="com.sap.vocabularies.PersonalData.v1" Alias="PersonalData"/>
    </edmx:Reference>
    <edmx:DataServices m:DataServiceVersion="2.0">
        <Schema Namespace="NAUTI.TRANSACTION_BTP_SRV" xml:lang="en" sap:schema-version="1"
            xmlns="http://schemas.microsoft.com/ado/2008/09/edm">
            <EntityType Name="VoyageHeader" sap:content-version="1">
                <Key>
                    <PropertyRef Name="Voyno"/>
                </Key>
                <Property Name="Voyno" Type="Edm.String" Nullable="false" MaxLength="20" sap:unicode="false" sap:label="Voyage No" sap:creatable="false" sap:updatable="false" sap:sortable="false" sap:filterable="false"/>
                <Property Name="Voynm" Type="Edm.String" Nullable="false" MaxLength="40" sap:unicode="false" sap:label="Voyage name" sap:creatable="false" sap:updatable="false" sap:sortable="false" sap:filterable="false"/>
                <Property Name="Vnomtk" Type="Edm.String" Nullable="false" MaxLength="20" sap:unicode="false" sap:label="Nomination no" sap:creatable="false" sap:updatable="false" sap:sortable="false" sap:filterable="false"/>
                <Property Name="Refdoc" Type="Edm.String" Nullable="false" MaxLength="10" sap:unicode="false" sap:label="Refrence Doc" sap:creatable="false" sap:updatable="false" sap:sortable="false" sap:filterable="false"/>
                <Property Name="Docind" Type="Edm.String" Nullable="false" MaxLength="1" sap:unicode="false" sap:label="Ref Doc .ind" sap:creatable="false" sap:updatable="false" sap:sortable="false" sap:filterable="false"/>
                <Property Name="Vessn" Type="Edm.String" Nullable="false" MaxLength="20" sap:unicode="false" sap:label="Vessel name" sap:creatable="false" sap:updatable="false" sap:sortable="false" sap:filterable="false"/>
                <Property Name="Vimo" Type="Edm.String" Nullable="false" MaxLength="20" sap:unicode="false" sap:label="Vessel IMO no" sap:creatable="false" sap:updatable="false" sap:sortable="false" sap:filterable="false"/>
                <Property Name="Chtyp" Type="Edm.String" Nullable="false" MaxLength="5" sap:unicode="false" sap:label="Charter Type" sap:creatable="false" sap:updatable="false" sap:sortable="false" sap:filterable="false"/>
                <Property Name="Chpno" Type="Edm.String" Nullable="false" MaxLength="10" sap:unicode="false" sap:label="Charter Party Agree" sap:creatable="false" sap:updatable="false" sap:sortable="false" sap:filterable="false"/>
                <Property Name="Currkeys" Type="Edm.String" Nullable="false" MaxLength="5" sap:unicode="false" sap:label="Freight charges" sap:creatable="false" sap:updatable="false" sap:sortable="false" sap:filterable="false" sap:semantics="currency-code"/>
                <Property Name="Frtco" Type="Edm.Decimal" Nullable="false" Precision="14" Scale="3" sap:unicode="false" sap:unit="Currkeys" sap:label="Freight Cost" sap:creatable="false" sap:updatable="false" sap:sortable="false" sap:filterable="false"/>
                <Property Name="Vstat" Type="Edm.String" Nullable="false" MaxLength="5" sap:unicode="false" sap:label="Voyage Status" sap:creatable="false" sap:updatable="false" sap:sortable="false" sap:filterable="false"/>
                <Property Name="Voyty" Type="Edm.String" Nullable="false" MaxLength="4" sap:unicode="false" sap:label="Voyage Type" sap:creatable="false" sap:updatable="false" sap:sortable="false" sap:filterable="false"/>
                <Property Name="Carty" Type="Edm.String" Nullable="false" MaxLength="4" sap:unicode="false" sap:label="Vessel Type" sap:creatable="false" sap:updatable="false" sap:sortable="false" sap:filterable="false"/>
                <Property Name="Curr" Type="Edm.String" Nullable="false" MaxLength="3" sap:unicode="false" sap:label="Currency" sap:creatable="false" sap:updatable="false" sap:sortable="false" sap:filterable="false"/>
                <Property Name="Freght" Type="Edm.Decimal" Nullable="false" Precision="12" Scale="3" sap:unicode="false" sap:unit="Currkeys" sap:label="Freight cost" sap:creatable="false" sap:updatable="false" sap:sortable="false" sap:filterable="false"/>
                <Property Name="Party" Type="Edm.String" Nullable="false" MaxLength="10" sap:unicode="false" sap:label="Charter Party Agreem" sap:creatable="false" sap:updatable="false" sap:sortable="false" sap:filterable="false"/>
                <Property Name="Bidtype" Type="Edm.String" Nullable="false" MaxLength="2" sap:unicode="false" sap:label="Bid Type" sap:creatable="false" sap:updatable="false" sap:sortable="false" sap:filterable="false"/>
                <Property Name="Frcost" Type="Edm.Decimal" Nullable="false" Precision="17" Scale="5" sap:unicode="false" sap:unit="Currkeys" sap:label="Freight Cost" sap:creatable="false" sap:updatable="false" sap:sortable="false" sap:filterable="false"/>
                <Property Name="Frtu" Type="Edm.String" Nullable="false" MaxLength="10" sap:unicode="false" sap:label="Freight Unit" sap:creatable="false" sap:updatable="false" sap:sortable="false" sap:filterable="false"/>
                <Property Name="FrcostAct" Type="Edm.Decimal" Nullable="false" Precision="17" Scale="5" sap:unicode="false" sap:unit="Currkeys" sap:label="Actual Freight Cost" sap:creatable="false" sap:updatable="false" sap:sortable="false" sap:filterable="false"/>
                <Property Name="FrtuAct" Type="Edm.String" Nullable="false" MaxLength="10" sap:unicode="false" sap:label="Actual Freight Unit" sap:creatable="false" sap:updatable="false" sap:sortable="false" sap:filterable="false"/>
                <Property Name="Zdelete" Type="Edm.Boolean" Nullable="false" sap:unicode="false" sap:label="Indicator" sap:creatable="false" sap:updatable="false" sap:sortable="false" sap:filterable="false"/>
                <Property Name="RefVoyno" Type="Edm.String" Nullable="false" MaxLength="20" sap:unicode="false" sap:label="Refrence Voyage No." sap:creatable="false" sap:updatable="false" sap:sortable="false" sap:filterable="false"/>
                <NavigationProperty Name="NavVoyageHeaderToItem" Relationship="NAUTI.TRANSACTION_BTP_SRV.VoyageHeaderToVoyageItem" FromRole="FromRole_VoyageHeaderToVoyageItem" ToRole="ToRole_VoyageHeaderToVoyageItem"/>
            </EntityType>
            <EntityType Name="VoyageItem" sap:content-version="1">
                <Key>
                    <PropertyRef Name="Voyno"/>
                </Key>
                <Property Name="Voyno" Type="Edm.String" Nullable="false" MaxLength="20" sap:unicode="false" sap:label="Voyage No" sap:creatable="false" sap:updatable="false" sap:sortable="false" sap:filterable="false"/>
                <Property Name="Vlegn" Type="Edm.String" Nullable="false" MaxLength="10" sap:unicode="false" sap:label="LegID" sap:creatable="false" sap:updatable="false" sap:sortable="false" sap:filterable="false"/>
                <Property Name="Portc" Type="Edm.String" Nullable="false" MaxLength="10" sap:unicode="false" sap:label="Port Code" sap:creatable="false" sap:updatable="false" sap:sortable="false" sap:filterable="false"/>
                <Property Name="Portn" Type="Edm.String" Nullable="false" MaxLength="25" sap:unicode="false" sap:label="Port Name" sap:creatable="false" sap:updatable="false" sap:sortable="false" sap:filterable="false"/>
                <Property Name="Pdist" Type="Edm.Decimal" Nullable="false" Precision="13" Scale="3" sap:unicode="false" sap:label="Distance" sap:creatable="false" sap:updatable="false" sap:sortable="false" sap:filterable="false"/>
                <Property Name="Medst" Type="Edm.String" Nullable="false" MaxLength="3" sap:unicode="false" sap:label="UoM-Distance" sap:creatable="false" sap:updatable="false" sap:sortable="false" sap:filterable="false" sap:semantics="unit-of-measure"/>
                <Property Name="Vspeed" Type="Edm.Decimal" Nullable="false" Precision="17" Scale="3" sap:unicode="false" sap:label="Speed" sap:creatable="false" sap:updatable="false" sap:sortable="false" sap:filterable="false"/>
                <Property Name="Ppdays" Type="Edm.Decimal" Nullable="false" Precision="6" Scale="3" sap:unicode="false" sap:label="Port Days" sap:creatable="false" sap:updatable="false" sap:sortable="false" sap:filterable="false"/>
                <Property Name="Vsdays" Type="Edm.Decimal" Nullable="false" Precision="7" Scale="3" sap:unicode="false" sap:label="Sea Days" sap:creatable="false" sap:updatable="false" sap:sortable="false" sap:filterable="false"/>
                <Property Name="Vetad" Type="Edm.DateTime" Nullable="false" Precision="7" sap:unicode="false" sap:label="ETA" sap:creatable="false" sap:updatable="false" sap:sortable="false" sap:filterable="false"/>
                <Property Name="Vetat" Type="Edm.Time" Nullable="false" Precision="0" sap:unicode="false" sap:label="Time" sap:creatable="false" sap:updatable="false" sap:sortable="false" sap:filterable="false"/>
                <Property Name="Vetdd" Type="Edm.DateTime" Nullable="false" Precision="7" sap:unicode="false" sap:label="ETD" sap:creatable="false" sap:updatable="false" sap:sortable="false" sap:filterable="false"/>
                <Property Name="Vetdt" Type="Edm.Time" Nullable="false" Precision="0" sap:unicode="false" sap:label="Time" sap:creatable="false" sap:updatable="false" sap:sortable="false" sap:filterable="false"/>
                <Property Name="Vwead" Type="Edm.String" Nullable="false" MaxLength="10" sap:unicode="false" sap:label="Weather Delay .Sea" sap:creatable="false" sap:updatable="false" sap:sortable="false" sap:filterable="false"/>
                <Property Name="Pstat" Type="Edm.String" Nullable="false" MaxLength="5" sap:unicode="false" sap:label="Status" sap:creatable="false" sap:updatable="false" sap:sortable="false" sap:filterable="false"/>
                <Property Name="Matnr" Type="Edm.String" Nullable="false" MaxLength="40" sap:unicode="false" sap:label="Material" sap:creatable="false" sap:updatable="false" sap:sortable="false" sap:filterable="false"/>
                <Property Name="Maktx" Type="Edm.String" Nullable="false" MaxLength="40" sap:unicode="false" sap:label="Description" sap:creatable="false" sap:updatable="false" sap:sortable="false" sap:filterable="false"/>
                <Property Name="Cargs" Type="Edm.Decimal" Nullable="false" Precision="12" Scale="0" sap:unicode="false" sap:label="Cargo size" sap:creatable="false" sap:updatable="false" sap:sortable="false" sap:filterable="false"/>
                <Property Name="Cargu" Type="Edm.String" Nullable="false" MaxLength="3" sap:unicode="false" sap:label="Base Unit" sap:creatable="false" sap:updatable="false" sap:sortable="false" sap:filterable="false" sap:semantics="unit-of-measure"/>
                <Property Name="Othco" Type="Edm.Decimal" Nullable="false" Precision="24" Scale="3" sap:unicode="false" sap:label="Total Cost" sap:creatable="false" sap:updatable="false" sap:sortable="false" sap:filterable="false"/>
                <Property Name="Frcost" Type="Edm.Decimal" Nullable="false" Precision="24" Scale="3" sap:unicode="false" sap:label="Total Cost" sap:creatable="false" sap:updatable="false" sap:sortable="false" sap:filterable="false"/>
                <Property Name="Totco" Type="Edm.Decimal" Nullable="false" Precision="24" Scale="3" sap:unicode="false" sap:label="Total Cost" sap:creatable="false" sap:updatable="false" sap:sortable="false" sap:filterable="false"/>
            </EntityType>
            <EntityType Name="Chartering" sap:content-version="1">
                <Key>
                    <PropertyRef Name="Chrnmin"/>
                </Key>
                <Property Name="Zdelete" Type="Edm.Boolean" Nullable="false" sap:unicode="false" sap:label="Indicator" sap:creatable="false" sap:updatable="false" sap:sortable="false" sap:filterable="false"/>
                <Property Name="Chrcdate" Type="Edm.DateTime" Precision="7" sap:unicode="false" sap:label="Creation Date" sap:creatable="false" sap:updatable="false" sap:sortable="false" sap:filterable="false"/>
                <Property Name="Chrqsdate" Type="Edm.DateTime" Precision="7" sap:unicode="false" sap:label="Bidding Start Date" sap:creatable="false" sap:updatable="false" sap:sortable="false" sap:filterable="false"/>
                <Property Name="Chrqedate" Type="Edm.DateTime" Precision="7" sap:unicode="false" sap:label="Bidding End Date" sap:creatable="false" sap:updatable="false" sap:sortable="false" sap:filterable="false"/>
                <Property Name="Chrqdate" Type="Edm.DateTime" Precision="7" sap:unicode="false" sap:label="Quot.Deadline Date" sap:creatable="false" sap:updatable="false" sap:sortable="false" sap:filterable="false"/>
                <Property Name="Chrexcr" Type="Edm.Decimal" Nullable="false" Precision="14" Scale="0" sap:unicode="false" sap:label="Exch.Rate" sap:creatable="false" sap:updatable="false" sap:sortable="false" sap:filterable="false"/>
                <Property Name="Ciqty" Type="Edm.Decimal" Nullable="false" Precision="17" Scale="0" sap:unicode="false" sap:unit="Ciuom" sap:label="Quantity" sap:creatable="false" sap:updatable="false" sap:sortable="false" sap:filterable="false"/>
                <Property Name="Chrnmin" Type="Edm.String" Nullable="false" MaxLength="10" sap:unicode="false" sap:label="Chartering Req. No." sap:creatable="false" sap:updatable="false" sap:sortable="false" sap:filterable="false"/>
                <Property Name="Chrnmex" Type="Edm.String" Nullable="false" MaxLength="20" sap:unicode="false" sap:label="Charter Ext.No" sap:creatable="false" sap:updatable="false" sap:sortable="false" sap:filterable="false"/>
                <Property Name="Chrporg" Type="Edm.String" Nullable="false" MaxLength="4" sap:unicode="false" sap:label="Purchase Org" sap:creatable="false" sap:updatable="false" sap:sortable="false" sap:filterable="false"/>
                <Property Name="Chrporgn" Type="Edm.String" Nullable="false" MaxLength="40" sap:unicode="false" sap:label="Pur.Org.Name" sap:creatable="false" sap:updatable="false" sap:sortable="false" sap:filterable="false"/>
                <Property Name="Chrpgrp" Type="Edm.String" Nullable="false" MaxLength="3" sap:unicode="false" sap:label="Purchase Group" sap:creatable="false" sap:updatable="false" sap:sortable="false" sap:filterable="false"/>
                <Property Name="Chrpgrpn" Type="Edm.String" Nullable="false" MaxLength="30" sap:unicode="false" sap:label="Pur.Grp.Name" sap:creatable="false" sap:updatable="false" sap:sortable="false" sap:filterable="false"/>
                <Property Name="Chrpayt" Type="Edm.String" Nullable="false" MaxLength="4" sap:unicode="false" sap:label="Payment Terms" sap:creatable="false" sap:updatable="false" sap:sortable="false" sap:filterable="false"/>
                <Property Name="Chrpaytxt" Type="Edm.String" Nullable="false" MaxLength="30" sap:unicode="false" sap:label="Pay.term.dis" sap:creatable="false" sap:updatable="false" sap:sortable="false" sap:filterable="false"/>
                <Property Name="Chrinco" Type="Edm.String" Nullable="false" MaxLength="3" sap:unicode="false" sap:label="Inco Terms" sap:creatable="false" sap:updatable="false" sap:sortable="false" sap:filterable="false"/>
                <Property Name="Chrincodis" Type="Edm.String" Nullable="false" MaxLength="3" sap:unicode="false" sap:label="Chate incotrm di" sap:creatable="false" sap:updatable="false" sap:sortable="false" sap:filterable="false"/>
                <Property Name="Chrincol" Type="Edm.String" Nullable="false" MaxLength="70" sap:unicode="false" sap:label="Inco Location" sap:creatable="false" sap:updatable="false" sap:sortable="false" sap:filterable="false"/>
                <Property Name="Cimater" Type="Edm.String" Nullable="false" MaxLength="18" sap:unicode="false" sap:label="Mat." sap:creatable="false" sap:updatable="false" sap:sortable="false" sap:filterable="false"/>
                <Property Name="Cimatdes" Type="Edm.String" Nullable="false" MaxLength="40" sap:unicode="false" sap:label="Material Short Text" sap:creatable="false" sap:updatable="false" sap:sortable="false" sap:filterable="false"/>
                <Property Name="Ciuom" Type="Edm.String" Nullable="false" MaxLength="3" sap:unicode="false" sap:label="Unit of Measure" sap:creatable="false" sap:updatable="false" sap:sortable="false" sap:filterable="false" sap:semantics="unit-of-measure"/>
                <Property Name="Voyno" Type="Edm.String" Nullable="false" MaxLength="20" sap:unicode="false" sap:label="Voyage No" sap:creatable="false" sap:updatable="false" sap:sortable="false" sap:filterable="false"/>
                <Property Name="Voynm" Type="Edm.String" Nullable="false" MaxLength="40" sap:unicode="false" sap:label="Voyage name" sap:creatable="false" sap:updatable="false" sap:sortable="false" sap:filterable="false"/>
                <Property Name="Chrven" Type="Edm.String" Nullable="false" MaxLength="10" sap:unicode="false" sap:label="Vendor Code" sap:creatable="false" sap:updatable="false" sap:sortable="false" sap:filterable="false"/>
                <Property Name="Chrvenn" Type="Edm.String" Nullable="false" MaxLength="35" sap:unicode="false" sap:label="Vendor Name" sap:creatable="false" sap:updatable="false" sap:sortable="false" sap:filterable="false"/>
                <Property Name="Ciprec" Type="Edm.String" Nullable="false" MaxLength="5" sap:unicode="false" sap:label="Freight Currency" sap:creatable="false" sap:updatable="false" sap:sortable="false" sap:filterable="false" sap:semantics="currency-code"/>
                <Property Name="RefChrnmin" Type="Edm.String" Nullable="false" MaxLength="10" sap:unicode="false" sap:label="Reference Chartering" sap:creatable="false" sap:updatable="false" sap:sortable="false" sap:filterable="false"/>
                <Property Name="Chrctime" Type="Edm.Time" Nullable="false" Precision="0" sap:unicode="false" sap:label="Creation Time" sap:creatable="false" sap:updatable="false" sap:sortable="false" sap:filterable="false"/>
                <Property Name="Chrqstime" Type="Edm.Time" Nullable="false" Precision="0" sap:unicode="false" sap:label="Bidding Start Time" sap:creatable="false" sap:updatable="false" sap:sortable="false" sap:filterable="false"/>
                <Property Name="Chrqetime" Type="Edm.Time" Nullable="false" Precision="0" sap:unicode="false" sap:label="Bidding End Time" sap:creatable="false" sap:updatable="false" sap:sortable="false" sap:filterable="false"/>
            </EntityType>
            <EntityType Name="xNAUTIxVOYAGEHEADERTOITEMType" sap:label="voyage header to item" sap:content-version="1">
                <Key>
                    <PropertyRef Name="Voyno"/>
                </Key>
                <Property Name="Voyno" Type="Edm.String" Nullable="false" MaxLength="20" sap:display-format="UpperCase" sap:label="Voyage No" sap:quickinfo="Voyage Number"/>
                <Property Name="Voynm" Type="Edm.String" MaxLength="20" sap:label="Voyage name" sap:quickinfo="Voyage Name"/>
                <Property Name="Vnomtk" Type="Edm.String" MaxLength="20" sap:display-format="UpperCase" sap:label="Nomination no" sap:quickinfo="Nautical being used for Is-OIL"/>
                <Property Name="Refdoc" Type="Edm.String" MaxLength="10" sap:label="Refrence Doc" sap:quickinfo=" Nautical being used for S4H or other non Oil Modules"/>
                <Property Name="Docind" Type="Edm.String" MaxLength="1" sap:display-format="UpperCase" sap:label="Ref Doc .ind" sap:quickinfo="Reference document indicator (PSX)"/>
                <Property Name="Vessn" Type="Edm.String" MaxLength="20" sap:label="Vessel name" sap:quickinfo="Vessel Name"/>
                <Property Name="Vimo" Type="Edm.String" MaxLength="20" sap:display-format="UpperCase" sap:label="Vessel IMO no" sap:quickinfo="Vessel IMO Number - Unique"/>
                <Property Name="Chtyp" Type="Edm.String" MaxLength="5" sap:display-format="UpperCase" sap:label="Charter Type" sap:quickinfo="SPOT/Time Charter"/>
                <Property Name="Chpno" Type="Edm.String" MaxLength="10" sap:display-format="UpperCase" sap:label="Charter Party Agree" sap:quickinfo="Freight Contract"/>
                <Property Name="Currkeys" Type="Edm.String" MaxLength="5" sap:label="Freight charges" sap:quickinfo="Currency key" sap:semantics="currency-code"/>
                <Property Name="Frtco" Type="Edm.Decimal" Precision="14" Scale="3" sap:unit="Currkeys" sap:label="Freight Cost" sap:quickinfo="Freight Cost for the Voyage"/>
                <Property Name="Vstat" Type="Edm.String" MaxLength="5" sap:display-format="UpperCase" sap:label="Voyage Status" sap:quickinfo="Not Started, Ballast, Port, EnRoute, Anchorage, Completed"/>
                <Property Name="Voyty" Type="Edm.String" MaxLength="4" sap:display-format="UpperCase" sap:label="Voyage Type"/>
                <Property Name="Carty" Type="Edm.String" MaxLength="4" sap:display-format="UpperCase" sap:label="Vessel Type"/>
                <Property Name="Curr" Type="Edm.String" MaxLength="3" sap:display-format="UpperCase" sap:label="Currency"/>
                <Property Name="Freght" Type="Edm.Decimal" Precision="12" Scale="3" sap:unit="Currkeys" sap:label="Freight cost"/>
                <Property Name="Party" Type="Edm.String" MaxLength="10" sap:display-format="UpperCase" sap:label="Charter Party Agreem" sap:quickinfo="Charter Party Agreement"/>
                <Property Name="Bidtype" Type="Edm.String" MaxLength="2" sap:display-format="UpperCase" sap:label="" sap:quickinfo="Bid Type"/>
                <Property Name="Frcost" Type="Edm.Decimal" Precision="17" Scale="5" sap:unit="Currkeys" sap:label="Freight Cost"/>
                <Property Name="Frtu" Type="Edm.String" MaxLength="10" sap:display-format="UpperCase" sap:label="Freight Unit"/>
                <Property Name="Frcost_Act" Type="Edm.Decimal" Precision="17" Scale="5" sap:unit="Currkeys" sap:label="Actual Freight Cost"/>
                <Property Name="Frtu_Act" Type="Edm.String" MaxLength="10" sap:display-format="UpperCase" sap:label="Actual Freight Unit"/>
                <Property Name="Ref_Voyno" Type="Edm.String" MaxLength="20" sap:display-format="UpperCase" sap:label="Refrence Voyage No."/>
                <NavigationProperty Name="toitem" Relationship="NAUTI.TRANSACTION_BTP_SRV.assoc_B3695BAF95A9C6143CD9BFE694593760" FromRole="FromRole_assoc_B3695BAF95A9C6143CD9BFE694593760" ToRole="ToRole_assoc_B3695BAF95A9C6143CD9BFE694593760"/>
            </EntityType>
            <EntityType Name="xNAUTIxVoygItemType" sap:label="Nautical Voyage Items" sap:content-version="1">
                <Key>
                    <PropertyRef Name="Voyno"/>
                    <PropertyRef Name="Vlegn"/>
                </Key>
                <Property Name="Voyno" Type="Edm.String" Nullable="false" MaxLength="20" sap:display-format="UpperCase" sap:label="Voyage No" sap:quickinfo="Voyage Number"/>
                <Property Name="Vlegn" Type="Edm.String" Nullable="false" MaxLength="10" sap:display-format="NonNegative" sap:label="LegID" sap:quickinfo="Unique leg under a Voyage"/>
                <Property Name="Portc" Type="Edm.String" MaxLength="10" sap:display-format="UpperCase" sap:label="Port Code" sap:quickinfo="Unified Port Code - Unique"/>
                <Property Name="Portn" Type="Edm.String" MaxLength="25" sap:label="Port Name"/>
                <Property Name="Pdist" Type="Edm.Decimal" Precision="13" Scale="3" sap:label="Distance" sap:quickinfo="The Post Master Fetched Using External API"/>
                <Property Name="Medst" Type="Edm.String" MaxLength="3" sap:label="Distance UoM" sap:quickinfo="Distance Unit of Measure" sap:semantics="unit-of-measure"/>
                <Property Name="Vspeed" Type="Edm.Decimal" Precision="17" Scale="3" sap:label="Speed" sap:quickinfo="The Speed From Vessel Master/Manual Input"/>
                <Property Name="Ppdays" Type="Edm.Decimal" Precision="6" Scale="3" sap:label="Port Days" sap:quickinfo="Propsed From Historic Data/Manual Input"/>
                <Property Name="Vsdays" Type="Edm.Decimal" Precision="7" Scale="3" sap:label="Sea Days" sap:quickinfo="Proposed From Historic Data/Manual Input"/>
                <Property Name="Vetad" Type="Edm.DateTime" Precision="0" sap:display-format="Date" sap:label="ETA" sap:quickinfo="Calculated Based on ETA"/>
                <Property Name="Vetat" Type="Edm.Time" Precision="0" sap:label="Time" sap:quickinfo="Calculated Based On ETD"/>
                <Property Name="Vetdd" Type="Edm.DateTime" Precision="0" sap:display-format="Date" sap:label="ETD" sap:quickinfo="Manual Entry"/>
                <Property Name="Vetdt" Type="Edm.Time" Precision="0" sap:label="Time" sap:quickinfo="Voyage Acutal Time"/>
                <Property Name="Vwead" Type="Edm.String" MaxLength="10" sap:display-format="UpperCase" sap:label="Weather Delay .Sea" sap:quickinfo="Caluclated from Weather Service else Manual Entry"/>
                <Property Name="Pstat" Type="Edm.String" MaxLength="5" sap:display-format="UpperCase" sap:label="Status" sap:quickinfo="In Planning, Vetting In Progress, Vetting Complted"/>
                <Property Name="Matnr" Type="Edm.String" MaxLength="40" sap:display-format="UpperCase" sap:label="Material" sap:quickinfo="Material Number"/>
                <Property Name="Maktx" Type="Edm.String" MaxLength="40" sap:label="Material description"/>
                <Property Name="Cargs" Type="Edm.Decimal" Precision="12" Scale="0" sap:label="Cargo size"/>
                <Property Name="Cargu" Type="Edm.String" MaxLength="3" sap:label="Base Unit of Measure" sap:semantics="unit-of-measure"/>
                <Property Name="Othco" Type="Edm.Decimal" Precision="24" Scale="3" sap:label="Total Cost"/>
                <Property Name="Frcost" Type="Edm.Decimal" Precision="24" Scale="3" sap:label="Total Cost"/>
                <Property Name="Totco" Type="Edm.Decimal" Precision="24" Scale="3" sap:unit="P82B8113A600582693009F647C000F417" sap:label="Total Cost"/>
            </EntityType>
            <Association Name="VoyageHeaderToVoyageItem" sap:content-version="1">
                <End Type="NAUTI.TRANSACTION_BTP_SRV.VoyageHeader" Multiplicity="1" Role="FromRole_VoyageHeaderToVoyageItem"/>
                <End Type="NAUTI.TRANSACTION_BTP_SRV.VoyageItem" Multiplicity="*" Role="ToRole_VoyageHeaderToVoyageItem"/>
                <ReferentialConstraint>
                    <Principal Role="FromRole_VoyageHeaderToVoyageItem">
                        <PropertyRef Name="Voyno"/>
                    </Principal>
                    <Dependent Role="ToRole_VoyageHeaderToVoyageItem">
                        <PropertyRef Name="Voyno"/>
                    </Dependent>
                </ReferentialConstraint>
            </Association>
            <Association Name="assoc_B3695BAF95A9C6143CD9BFE694593760" sap:content-version="1">
                <End Type="NAUTI.TRANSACTION_BTP_SRV.xNAUTIxVOYAGEHEADERTOITEMType" Multiplicity="1" Role="FromRole_assoc_B3695BAF95A9C6143CD9BFE694593760"/>
                <End Type="NAUTI.TRANSACTION_BTP_SRV.xNAUTIxVoygItemType" Multiplicity="*" Role="ToRole_assoc_B3695BAF95A9C6143CD9BFE694593760"/>
            </Association>
            <EntityContainer Name="NAUTI_TRANSACTION_BTP_SRV_Entities" m:IsDefaultEntityContainer="true" sap:message-scope-supported="true" sap:supported-formats="atom json xlsx">
                <EntitySet Name="xNAUTIxVOYAGEHEADERTOITEM" EntityType="NAUTI.TRANSACTION_BTP_SRV.xNAUTIxVOYAGEHEADERTOITEMType" sap:creatable="false" sap:updatable="false" sap:deletable="false" sap:content-version="1"/>
                <EntitySet Name="xNAUTIxVoygItem" EntityType="NAUTI.TRANSACTION_BTP_SRV.xNAUTIxVoygItemType" sap:creatable="false" sap:updatable="false" sap:deletable="false" sap:content-version="1"/>
                <EntitySet Name="VoyageHeaderSet" EntityType="NAUTI.TRANSACTION_BTP_SRV.VoyageHeader" sap:creatable="false" sap:updatable="false" sap:deletable="false" sap:pageable="false" sap:content-version="1"/>
                <EntitySet Name="VoyageItemSet" EntityType="NAUTI.TRANSACTION_BTP_SRV.VoyageItem" sap:creatable="false" sap:updatable="false" sap:deletable="false" sap:pageable="false" sap:content-version="1"/>
                <EntitySet Name="CharteringSet" EntityType="NAUTI.TRANSACTION_BTP_SRV.Chartering" sap:creatable="false" sap:updatable="false" sap:deletable="false" sap:pageable="false" sap:content-version="1"/>
                <AssociationSet Name="assoc_B3695BAF95A9C6143CD9BFE694593760" Association="NAUTI.TRANSACTION_BTP_SRV.assoc_B3695BAF95A9C6143CD9BFE694593760" sap:creatable="false" sap:updatable="false" sap:deletable="false" sap:content-version="1">
                    <End EntitySet="xNAUTIxVOYAGEHEADERTOITEM" Role="FromRole_assoc_B3695BAF95A9C6143CD9BFE694593760"/>
                    <End EntitySet="xNAUTIxVoygItem" Role="ToRole_assoc_B3695BAF95A9C6143CD9BFE694593760"/>
                </AssociationSet>
                <AssociationSet Name="VoyageHeaderToVoyageItemSet" Association="NAUTI.TRANSACTION_BTP_SRV.VoyageHeaderToVoyageItem" sap:creatable="false" sap:updatable="false" sap:deletable="false" sap:content-version="1">
                    <End EntitySet="VoyageHeaderSet" Role="FromRole_VoyageHeaderToVoyageItem"/>
                    <End EntitySet="VoyageItemSet" Role="ToRole_VoyageHeaderToVoyageItem"/>
                </AssociationSet>
            </EntityContainer>
            <Annotations Target="NAUTI.TRANSACTION_BTP_SRV.NAUTI_TRANSACTION_BTP_SRV_Entities"
                xmlns="http://docs.oasis-open.org/odata/ns/edm">
                <Annotation Term="Aggregation.ApplySupported">
                    <Record>
                        <PropertyValue Property="Transformations">
                            <Collection>
                                <String>aggregate</String>
                                <String>groupby</String>
                                <String>filter</String>
                            </Collection>
                        </PropertyValue>
                        <PropertyValue Property="Rollup" EnumMember="None"/>
                    </Record>
                </Annotation>
            </Annotations>
            <atom:link rel="self" href="http://ingenxsrv:8001/sap/opu/odata/nauti/TRANSACTION_BTP_SRV/$metadata"
                xmlns:atom="http://www.w3.org/2005/Atom"/>
                <atom:link rel="latest-version" href="http://ingenxsrv:8001/sap/opu/odata/nauti/TRANSACTION_BTP_SRV/$metadata"
                    xmlns:atom="http://www.w3.org/2005/Atom"/>
                </Schema>
            </edmx:DataServices>
        </edmx:Edmx>