{
    "VenorData": [
        {
            "Voyno": "1000000003",
            "Lifnr": "2100000000",
            "Zcode": "CLASS",
            "Value": "A",
            "Cvalue": "0.000",
            "Cunit": "",
            "Chrnmin": "4000000001",
            "CodeDesc": "CLASS OF VESSEL",
            "Biddate": "\/Date(1692835200000)\/",
            "Bidtime": "PT18H03M52S",
            "Zcom": ""
        },
        {
            "Voyno": "1000000003",
            "Lifnr": "2100000000",
            "Zcode": "PORT",
            "Value": "INBOM",
            "Cvalue": "0.000",
            "Cunit": "",
            "Chrnmin": "4000000001",
            "CodeDesc": "LAST PORT OF CALL",
            "Biddate": "\/Date(1692835200000)\/",
            "Bidtime": "PT18H03M52S",
            "Zcom": ""
        },
        {
            "Voyno": "1000000003",
            "Lifnr": "2100000000",
            "Zcode": "COOR",
            "Value": "IN",
            "Cvalue": "0.000",
            "Cunit": "",
            "Chrnmin": "4000000001",
            "CodeDesc": "COUNTRY OF ORIGIN",
            "Biddate": "\/Date(1692835200000)\/",
            "Bidtime": "PT18H03M52S",
            "Zcom": ""
        },
        {
            "Voyno": "1000000003",
            "Lifnr": "2100000000",
            "Zcode": "DAT1",
            "Value": "02.09.2023",
            "Cvalue": "0.000",
            "Cunit": "",
            "Chrnmin": "4000000001",
            "CodeDesc": "LAST CLEANING DATE",
            "Biddate": "\/Date(1692835200000)\/",
            "Bidtime": "PT18H03M52S",
            "Zcom": ""
        },
        {
            "Voyno": "1000000003",
            "Lifnr": "2100000001",
            "Zcode": "CLASS",
            "Value": "B",
            "Cvalue": "0.000",
            "Cunit": "",
            "Chrnmin": "4000000001",
            "CodeDesc": "CLASS OF VESSEL",
            "Biddate": "\/Date(1692835200000)\/",
            "Bidtime": "PT18H03M52S",
            "Zcom": ""
        },
        {
            "Voyno": "1000000003",
            "Lifnr": "2100000001",
            "Zcode": "PORT",
            "Value": "INBOM",
            "Cvalue": "0.000",
            "Cunit": "",
            "Chrnmin": "4000000001",
            "CodeDesc": "LAST PORT OF CALL",
            "Biddate": "\/Date(1692835200000)\/",
            "Bidtime": "PT18H03M52S",
            "Zcom": ""
        },
        {
            "Voyno": "1000000003",
            "Lifnr": "2100000001",
            "Zcode": "COOR",
            "Value": "CN",
            "Cvalue": "0.000",
            "Cunit": "",
            "Chrnmin": "4000000001",
            "CodeDesc": "COUNTRY OF ORIGIN",
            "Biddate": "\/Date(1692835200000)\/",
            "Bidtime": "PT18H03M52S",
            "Zcom": ""
        },
        {
            "Voyno": "1000000003",
            "Lifnr": "2100000001",
            "Zcode": "DAT1",
            "Value": "29.09.2023",
            "Cvalue": "0.000",
            "Cunit": "",
            "Chrnmin": "4000000001",
            "CodeDesc": "LAST CLEANING DATE",
            "Biddate": "\/Date(1692835200000)\/",
            "Bidtime": "PT18H03M52S",
            "Zcom": ""
        },
       
        {
            "Voyno": "1000000003",
            "Lifnr": "2100000002",
            "Zcode": "CLASS",
            "Value": "A",
            "Cvalue": "0.000",
            "Cunit": "",
            "Chrnmin": "4000000001",
            "CodeDesc": "CLASS OF VESSEL",
            "Biddate": "\/Date(1692835200000)\/",
            "Bidtime": "PT18H03M52S",
            "Zcom": ""
        },
        {
            "Voyno": "1000000003",
            "Lifnr": "2100000002",
            "Zcode": "PORT",
            "Value": "INVIZ",
            "Cvalue": "0.000",
            "Cunit": "",
            "Chrnmin": "4000000001",
            "CodeDesc": "LAST PORT OF CALL",
            "Biddate": "\/Date(1692835200000)\/",
            "Bidtime": "PT18H03M52S",
            "Zcom": ""
        },
        {
            "Voyno": "1000000003",
            "Lifnr": "2100000002",
            "Zcode": "COOR",
            "Value": "IN",
            "Cvalue": "0.000",
            "Cunit": "",
            "Chrnmin": "4000000001",
            "CodeDesc": "COUNTRY OF ORIGIN",
            "Biddate": "\/Date(1692835200000)\/",
            "Bidtime": "PT18H03M52S",
            "Zcom": ""
        },
        {
            "Voyno": "1000000003",
            "Lifnr": "2100000002",
            "Zcode": "DAT1",
            "Value": "01.09.2023",
            "Cvalue": "0.000",
            "Cunit": "",
            "Chrnmin": "4000000001",
            "CodeDesc": "LAST CLEANING DATE",
            "Biddate": "\/Date(1692835200000)\/",
            "Bidtime": "PT18H03M52S",
            "Zcom": ""
        }
    ]
}